"electrical_system","io_list","name","mqtt_topic","mqtt_json_path","group","domestic","hvac","technical","part_no","additional_info","preferred_mqtt_topic","preferred_mqtt_json_path"
"230V AC - Powertags","AMCS","Iridium GMDSS Supply Total Active Power","AC DISTR 10P0.1","$.PT109F01_Total_Active_Power","Technical","","","NavComm","","Global Maritime Distress and Safety System","marpower/power-tag/iridium-gmdss-supply","total_active_power"
"230V AC - Powertags","AMCS","Main Propulsion Unit Offline Filter Total Active Power","AC DISTR 10P0.1","$.PT129F01_Total_Active_Power","Propulsion","","","","","","marpower/power-tag/main-propulsion-unit-offline-filter","total_active_power"
"230V AC - Powertags","AMCS","AHU Owners State Room Total Active Power","AC DISTR 10P0.1","$.PT130F01_Total_Active_Power","HVAC","","Air handling units","","","","marpower/power-tag/ahu-owners-state-room","total_active_power"
"230V AC - Powertags","AMCS","EREC 1 Power Supply Heat Recovery Total Active Power","AC DISTR 10P0.1","$.PT132F01_Total_Active_Power","Technical","","","THRS","","","marpower/power-tag/erec-1-power-supply-heat-recovery","total_active_power"
"230V AC - Powertags","AMCS","AHU Owners State Room Total Active Power","AC DISTR 10P0.1","$.PT135F01_Total_Active_Power","HVAC","","Air handling units","","","","marpower/power-tag/ahu-owners-state-room","total_active_power"
"230V AC - Powertags","AMCS","Main Propulsion Unit AC Heating Total Active Power","AC DISTR 10P0.1","$.PT137F01_Total_Active_Power","Propulsion","","","","","","marpower/power-tag/main-propulsion-unit-ac-heating","total_active_power"
"230V AC - Powertags","AMCS","Potable Water Total Active Power","AC DISTR 10P0.1","$.PT138F01_Total_Active_Power","Technical","","","Fresh water","","","marpower/power-tag/potable-water","total_active_power"
"230V AC - Powertags","AMCS","Drain Pump 1 PS Deck Locker Total Active Power","AC DISTR 10P0.1","$.PT139F01_Total_Active_Power","Technical","","","Grey water","","","marpower/power-tag/drain-pump-1-ps-deck-locker","total_active_power"
"230V AC - Powertags","AMCS","Drain Pump 3 PS Deck Locker Total Active Power","AC DISTR 10P0.1","$.PT140F01_Total_Active_Power","Technical","","","Grey water","","","marpower/power-tag/drain-pump-3-ps-deck-locker","total_active_power"
"230V AC - Powertags","AMCS","Bilge Water Separator Total Active Power","AC DISTR 10P0.1","$.PT141F01_Total_Active_Power","Technical","","","Grey water","","","marpower/power-tag/bilge-water-separator","total_active_power"
"230V AC - Powertags","AMCS","Draink Tank Mast Total Active Power","AC DISTR 10P0.1","$.PT142F01_Total_Active_Power","Technical","","","Grey water","","","marpower/power-tag/draink-tank-mast","total_active_power"
"230V AC - Powertags","AMCS","Draink Tank Mast Total Active Power","AC DISTR 10P0.1","$.PT143F01_Total_Active_Power","Technical","","","Grey water","","","marpower/power-tag/draink-tank-mast","total_active_power"
"230V AC - Powertags","AMCS","Draink Tank Mast Total Active Power","AC DISTR 10P0.1","$.PT144F01_Total_Active_Power","Technical","","","Grey water","","","marpower/power-tag/draink-tank-mast","total_active_power"
"230V AC - Powertags","AMCS","Draink Tank Mast Total Active Power","AC DISTR 10P0.1","$.PT145F01_Total_Active_Power","Technical","","","Grey water","","","marpower/power-tag/draink-tank-mast","total_active_power"
"230V AC - Powertags","AMCS","Watermaker Total Active Power","AC DISTR 10P0.1","$.PT146F01_Total_Active_Power","Technical","","","Fresh water","","","marpower/power-tag/watermaker","total_active_power"
"230V AC - Powertags","AMCS","Discharge Pumps Aft Technical Water Total Active Power","AC DISTR 10P0.1","$.PT147F01_Total_Active_Power","Technical","","","Grey water","","","marpower/power-tag/discharge-pumps-aft-technical-water","total_active_power"
"230V AC - Powertags","AMCS","Co2 Total Active Power","AC DISTR 10P0.1","$.PT148F01_Total_Active_Power","Technical","","","","","","marpower/power-tag/co2","total_active_power"
"230V AC - Powertags","AMCS","Antifouling System Total Active Power","AC DISTR 10P0.1","$.PT149F01_Total_Active_Power","Technical","","","Technical","","","marpower/power-tag/antifouling-system","total_active_power"
"230V AC - Powertags","AMCS","Adsorption Unit Total Active Power","AC DISTR 10P0.1","$.PT150F01_Total_Active_Power","Technical","","","THRS","","","marpower/power-tag/adsorption-unit","total_active_power"
"230V AC - Powertags","AMCS","Hydrophore 1 Total Active Power","AC DISTR 10P0.1","$.PT152F01_Total_Active_Power","Technical","","","Fresh water","","","marpower/power-tag/hydrophore-1","total_active_power"
"230V AC - Powertags","AMCS","Hydrophore 1 Total Active Power","AC DISTR 10P0.1","$.PT153F01_Total_Active_Power","Technical","","","Fresh water","","","marpower/power-tag/hydrophore-1","total_active_power"
"230V AC - Powertags","AMCS","Circulation Pump Adiabtic Pump Total Active Power","AC DISTR 10P0.1","$.PT154F01_Total_Active_Power","HVAC","","Other","","","","marpower/power-tag/circulation-pump-adiabtic-pump","total_active_power"
"230V AC - Powertags","AMCS","Main Salon JB Total Active Power","AC DISTR 10P0.1","$.PT161F01_Total_Active_Power","Domestic","Guest area","","","","Junction Box: Refrigerator, whine cooler","marpower/power-tag/main-salon-jb","total_active_power"
"230V AC - Powertags","AMCS","Distrbution Panel 115V Total Active Power","AC DISTR 10P0.1","$.PT164F01_Total_Active_Power","Technical","","","Technical","","","marpower/power-tag/distrbution-panel-115v","total_active_power"
"230V AC - Powertags","AMCS","Discharge Pump Master Cabin PS Total Active Power","AC DISTR 10P0.1","$.PT165F01_Total_Active_Power","Technical","","","Grey water","","","marpower/power-tag/discharge-pump-master-cabin-ps","total_active_power"
"230V AC - Powertags","AMCS","Discharge Pump Guest PS Total Active Power","AC DISTR 10P0.1","$.PT166F01_Total_Active_Power","Technical","","","Grey water","","","marpower/power-tag/discharge-pump-guest-ps","total_active_power"
"230V AC - Powertags","AMCS","Discharge Pump Guest PS And Overflow Total Active Power","AC DISTR 10P0.1","$.PT167F01_Total_Active_Power","Technical","","","Grey water","","","marpower/power-tag/discharge-pump-guest-ps-and-overflow","total_active_power"
"230V AC - Powertags","AMCS","Charger Radio Batteries (GMDSS) Total Active Power","AC DISTR 10P0.1","$.PT168F01_Total_Active_Power","Technical","","","NavComm","","Global Maritime Distress and Safety System","marpower/power-tag/charger-radio-batteries-gmdss","total_active_power"
"230V AC - Powertags","AMCS","Underwater Lights PS (Group 1) Total Active Power","AC DISTR 10P0.1","$.PT169F01_Total_Active_Power","Technical","","","Lighting","","","marpower/power-tag/underwater-lights-ps-group-1","total_active_power"
"230V AC - Powertags","AMCS","Underwater Lights PS (Group 2) Total Active Power","AC DISTR 10P0.1","$.PT170F01_Total_Active_Power","Technical","","","Lighting","","","marpower/power-tag/underwater-lights-ps-group-2","total_active_power"
"230V AC - Powertags","AMCS","AHU EXH2000 Above Laundry Total Active Power","AC DISTR 10P0.1","$.PT171F01_Total_Active_Power","HVAC","","Air handling units","","","","marpower/power-tag/ahu-exh2000-above-laundry","total_active_power"
"230V AC - Powertags","AMCS","Discharge Pump Galley/Crew Mess Total Active Power","AC DISTR 10P0.1","$.PT172F01_Total_Active_Power","Technical","","","Grey water","","","marpower/power-tag/discharge-pump-galley-crew-mess","total_active_power"
"230V AC - Powertags","AMCS","Display Switching Ship Office Total Active Power","AC DISTR 10P0.1","$.PT175F01_Total_Active_Power","Technical","","","Technical","","","marpower/power-tag/display-switching-ship-office","total_active_power"
"230V AC - Powertags","AMCS","Display Switching Supply Helm PS Total Active Power","AC DISTR 10P0.1","$.PT176F01_Total_Active_Power","Technical","","","Technical","","","marpower/power-tag/display-switching-supply-helm-ps","total_active_power"
"230V AC - Powertags","AMCS","ECDIS 1 Total Active Power","AC DISTR 10P0.1","$.PT177F01_Total_Active_Power","Technical","","","NavComm","","Electronic Chart Display and Information System","marpower/power-tag/ecdis-1","total_active_power"
"230V AC - Powertags","AMCS","Radar 1 Total Active Power","AC DISTR 10P0.1","$.PT178F01_Total_Active_Power","Technical","","","NavComm","","","marpower/power-tag/radar-1","total_active_power"
"230V AC - Powertags","AMCS","Speedlog Total Active Power","AC DISTR 10P0.1","$.PT179F01_Total_Active_Power","Technical","","","NavComm","","","marpower/power-tag/speedlog","total_active_power"
"230V AC - Powertags","AMCS","VHF 1 (Main) Total Active Power","AC DISTR 10P0.1","$.PT180F01_Total_Active_Power","Technical","","","NavComm","","","marpower/power-tag/vhf-1-main","total_active_power"
"230V AC - Powertags","AMCS","AHU Technical Room Total Active Power","AC DISTR 10P0.1","$.PT181F01_Total_Active_Power","HVAC","","Air handling units","","","","marpower/power-tag/ahu-technical-room","total_active_power"
"230V AC - Powertags","AMCS","Central Panel Smart Ventilation System Total Active Power","AC DISTR 10P0.1","$.PT182F01_Total_Active_Power","HVAC","","Ventilation","","","","marpower/power-tag/central-panel-smart-ventilation-system","total_active_power"
"230V AC - Powertags","AMCS","BNWAS Total Active Power","AC DISTR 10P0.1","$.PT183F01_Total_Active_Power","Technical","","","NavComm","","Bridge Navigational Watch Alarm System","marpower/power-tag/bnwas","total_active_power"
"230V AC - Powertags","AMCS","GPS Total Active Power","AC DISTR 10P0.1","$.PT184F01_Total_Active_Power","Technical","","","NavComm","","","marpower/power-tag/gps","total_active_power"
"230V AC - Powertags","AMCS","Locker Ventilation Total Active Power","AC DISTR 10P0.1","$.PT186F01_Total_Active_Power","HVAC","","Ventilation","","","","marpower/power-tag/locker-ventilation","total_active_power"
"230V AC - Powertags","AMCS","Peplink 5G Total Active Power","AC DISTR 10P0.1","$.PT201F01_Total_Active_Power","Technical","","","NavComm","","","marpower/power-tag/peplink-5g","total_active_power"
"230V AC - Powertags","AMCS","Transfer Pump 1 Grey/Black Water Total Active Power","AC DISTR 10P0.1","$.PT110Q01_Total_Active_Power","Technical","","","Grey water","","","marpower/power-tag/transfer-pump-1-grey-black-water","total_active_power"
"230V AC - Powertags","AMCS","Circulation Pump System Water Total Active Power","AC DISTR 10P0.1","$.PT116Q01_Total_Active_Power","Technical","","","Technical water","","","marpower/power-tag/circulation-pump-system-water","total_active_power"
"230V AC - Powertags","AMCS","Sea Water Cooling Pump 1 Total Active Power","AC DISTR 10P0.1","$.PT117Q01_Total_Active_Power","Technical","","","THRS","","","marpower/power-tag/sea-water-cooling-pump-1","total_active_power"
"230V AC - Powertags","AMCS","Technical Space Ventilator - In Total Active Power","AC DISTR 10P0.1","$.PT131Q01_Total_Active_Power","HVAC","","Ventilation","","","","marpower/power-tag/technical-space-ventilator-in","total_active_power"
"230V AC - Powertags","AMCS","Fresh Air Unit Aft Ship Total Active Power","AC DISTR 10P0.1","$.PT133Q01_Total_Active_Power","HVAC","","Other","","","","marpower/power-tag/fresh-air-unit-aft-ship","total_active_power"
"230V AC - Powertags","AMCS","Extraction Unit Aft Ship Total Active Power","AC DISTR 10P0.1","$.PT134Q01_Total_Active_Power","HVAC","","Other","","","","marpower/power-tag/extraction-unit-aft-ship","total_active_power"
"230V AC - Powertags","AMCS","Power Distr. Panel Aft -10P1 Total Active Power","AC DISTR 10P0.1","$.PT135Q01_Total_Active_Power","Technical","","","Technical","","","marpower/power-tag/power-distr-panel-aft-10p1","total_active_power"
"230V AC - Powertags","AMCS","Dishwasher Total Active Power","AC DISTR 10P0.1","$.PT136Q01_Total_Active_Power","Domestic","Galley","","","","","marpower/power-tag/dishwasher","total_active_power"
"230V AC - Powertags","AMCS","Cooling Water Pump Main Propulsion Unit Total Active Power","AC DISTR 10P0.1","$.PT151Q01_Total_Active_Power","Propulsion","","","","","","marpower/power-tag/cooling-water-pump-main-propulsion-unit","total_active_power"
"230V AC - Powertags","AMCS","Compressor 1 Total Active Power","AC DISTR 10P0.1","$.PT155Q01_Total_Active_Power","Technical","","","Technical","","","marpower/power-tag/compressor-1","total_active_power"
"230V AC - Powertags","AMCS","Heat Recovery Pump Compression Chiller Total Active Power","AC DISTR 10P0.1","$.PT156Q01_Total_Active_Power","Technical","","","THRS","","","marpower/power-tag/heat-recovery-pump-compression-chiller","total_active_power"
"230V AC - Powertags","AMCS","Circulation Pump PVT Panles Fwd Total Active Power","AC DISTR 10P0.1","$.PT157Q01_Total_Active_Power","Technical","","","THRS","","","marpower/power-tag/circulation-pump-pvt-panles-fwd","total_active_power"
"230V AC - Powertags","AMCS","Circulation Pump PVT Panles Fwd Total Active Power","AC DISTR 10P0.1","$.PT158Q01_Total_Active_Power","Technical","","","THRS","","","marpower/power-tag/circulation-pump-pvt-panles-fwd","total_active_power"
"230V AC - Powertags","AMCS","Battery Room Ventilator PS Fwd Total Active Power","AC DISTR 10P0.1","$.PT173Q01_Total_Active_Power","HVAC","","Ventilation","","190K22","","marpower/power-tag/battery-room-ventilator-ps-fwd","total_active_power"
"230V AC - Powertags","AMCS","Battery Room Ventilator PS Aft Total Active Power","AC DISTR 10P0.1","$.PT174Q01_Total_Active_Power","HVAC","","Ventilation","","190K23","","marpower/power-tag/battery-room-ventilator-ps-aft","total_active_power"
"230V AC - Powertags","AMCS","Sewage Treatment Plant Total Active Power","AC DISTR 10P0.3","$.PT320F01_Total_Active_Power","Technical","","","Technical water","","","marpower/power-tag/sewage-treatment-plant","total_active_power"
"230V AC - Powertags","AMCS","Main Propulsion Unit Offline Filter Total Active Power","AC DISTR 10P0.3","$.PT329F01_Total_Active_Power","Propulsion","","","","","","marpower/power-tag/main-propulsion-unit-offline-filter","total_active_power"
"230V AC - Powertags","AMCS","AHU2000T Crew Mess Room Total Active Power","AC DISTR 10P0.3","$.PT330F01_Total_Active_Power","HVAC","","Air handling units","","","","marpower/power-tag/ahu2000t-crew-mess-room","total_active_power"
"230V AC - Powertags","AMCS","Fwd Main Propulsion Unit Ac Heating Total Active Power","AC DISTR 10P0.3","$.PT337F01_Total_Active_Power","Propulsion","","","","","","marpower/power-tag/fwd-main-propulsion-unit-ac-heating","total_active_power"
"230V AC - Powertags","AMCS","Spare Total Active Power","AC DISTR 10P0.3","$.PT338F01_Total_Active_Power","","","","","","","marpower/power-tag/spare","total_active_power"
"230V AC - Powertags","AMCS","Submersible Bilge Pump 3 Total Active Power","AC DISTR 10P0.3","$.PT339F01_Total_Active_Power","Technical","","","Grey water","","","marpower/power-tag/submersible-bilge-pump-3","total_active_power"
"230V AC - Powertags","AMCS","Drain Tank Airco Total Active Power","AC DISTR 10P0.3","$.PT342F01_Total_Active_Power","Technical","","","Grey water","","","marpower/power-tag/drain-tank-airco","total_active_power"
"230V AC - Powertags","AMCS","Drain Tank Airco Total Active Power","AC DISTR 10P0.3","$.PT343F01_Total_Active_Power","Technical","","","Grey water","","","marpower/power-tag/drain-tank-airco","total_active_power"
"230V AC - Powertags","AMCS","Drain Tank Airco Total Active Power","AC DISTR 10P0.3","$.PT344F01_Total_Active_Power","Technical","","","Grey water","","","marpower/power-tag/drain-tank-airco","total_active_power"
"230V AC - Powertags","AMCS","Drain Tank Airco Total Active Power","AC DISTR 10P0.3","$.PT345F01_Total_Active_Power","Technical","","","Grey water","","","marpower/power-tag/drain-tank-airco","total_active_power"
"230V AC - Powertags","AMCS","Watermaker Total Active Power","AC DISTR 10P0.3","$.PT346F01_Total_Active_Power","Technical","","","Fresh water","","","marpower/power-tag/watermaker","total_active_power"
"230V AC - Powertags","AMCS","Hydrophore 2 Total Active Power","AC DISTR 10P0.3","$.PT352F01_Total_Active_Power","Technical","","","Fresh water","","","marpower/power-tag/hydrophore-2","total_active_power"
"230V AC - Powertags","AMCS","Chlorine Dosing Unit Total Active Power","AC DISTR 10P0.3","$.PT353F01_Total_Active_Power","Technical","","","Fresh water","","","marpower/power-tag/chlorine-dosing-unit","total_active_power"
"230V AC - Powertags","AMCS","Quooker Salon Total Active Power","AC DISTR 10P0.3","$.PT361F01_Total_Active_Power","Domestic","Guest area","","","","","marpower/power-tag/quooker-salon","total_active_power"
"230V AC - Powertags","AMCS","Main Salon Jb 2 Total Active Power","AC DISTR 10P0.3","$.PT362F01_Total_Active_Power","Domestic","Guest area","","","","Junction Box: Coffee maker, ice maker","marpower/power-tag/main-salon-jb-2","total_active_power"
"230V AC - Powertags","AMCS","Serv. Corridor Jb Total Active Power","AC DISTR 10P0.3","$.PT363F01_Total_Active_Power","Domestic","Crew","","","","Junction Box: Whine cooler, white cooler","marpower/power-tag/serv-corridor-jb","total_active_power"
"230V AC - Powertags","AMCS","Galley Drain Pump Total Active Power","AC DISTR 10P0.3","$.PT364F01_Total_Active_Power","Technical","","","Grey water","","","marpower/power-tag/galley-drain-pump","total_active_power"
"230V AC - Powertags","AMCS","KVM Helmstation PS/SB Total Active Power","AC DISTR 10P0.3","$.PT365F01_Total_Active_Power","Technical","","","Technical","","","marpower/power-tag/kvm-helmstation-ps-sb","total_active_power"
"230V AC - Powertags","AMCS","Underwater Lights SB (Group 1) Total Active Power","AC DISTR 10P0.3","$.PT368F01_Total_Active_Power","Technical","","","Lighting","","","marpower/power-tag/underwater-lights-sb-group-1","total_active_power"
"230V AC - Powertags","AMCS","Underwater Lights SB (Group 2) Total Active Power","AC DISTR 10P0.3","$.PT369F01_Total_Active_Power","Technical","","","Lighting","","","marpower/power-tag/underwater-lights-sb-group-2","total_active_power"
"230V AC - Powertags","AMCS","Lighting Technical Space Total Active Power","AC DISTR 10P0.3","$.PT370F01_Total_Active_Power","Technical","","","Lighting","","","marpower/power-tag/lighting-technical-space","total_active_power"
"230V AC - Powertags","AMCS","Fan Coil Engine Office Total Active Power","AC DISTR 10P0.3","$.PT371F01_Total_Active_Power","HVAC","","Fan coil units","","","","marpower/power-tag/fan-coil-engine-office","total_active_power"
"230V AC - Powertags","AMCS","Sockets Main Technical Space Total Active Power","AC DISTR 10P0.3","$.PT376F01_Total_Active_Power","Technical","","","Technical","","","marpower/power-tag/sockets-main-technical-space","total_active_power"
"230V AC - Powertags","AMCS","ECDIS 2 Total Active Power","AC DISTR 10P0.3","$.PT377F01_Total_Active_Power","Technical","","","NavComm","","Electronic Chart Display and Information System","marpower/power-tag/ecdis-2","total_active_power"
"230V AC - Powertags","AMCS","KVM Captains Cabin Ships Office Total Active Power","AC DISTR 10P0.3","$.PT378F01_Total_Active_Power","Technical","","","Technical","","","marpower/power-tag/kvm-captains-cabin-ships-office","total_active_power"
"230V AC - Powertags","AMCS","KVM Mission Room Nav/Comm Locker Fwd Rack Total Active Power","AC DISTR 10P0.3","$.PT379F01_Total_Active_Power","Technical","","","Technical","","","marpower/power-tag/kvm-mission-room-nav-comm-locker-fwd-rack","total_active_power"
"230V AC - Powertags","AMCS","EREC 2 Power Supply Heat Recovery Total Active Power","AC DISTR 10P0.3","$.PT380F01_Total_Active_Power","Technical","","","THRS","","","marpower/power-tag/erec-2-power-supply-heat-recovery","total_active_power"
"230V AC - Powertags","AMCS","Transfer Pump 2 Black Water Total Active Power","AC DISTR 10P0.3","$.PT310Q01_Total_Active_Power","Technical","","","Black water","","","marpower/power-tag/transfer-pump-2-black-water","total_active_power"
"230V AC - Powertags","AMCS","Transfer Pump 3 Greywater Total Active Power","AC DISTR 10P0.3","$.PT311Q01_Total_Active_Power","Technical","","","Grey water","","","marpower/power-tag/transfer-pump-3-greywater","total_active_power"
"230V AC - Powertags","AMCS","Dirty Oil Pump Total Active Power","AC DISTR 10P0.3","$.PT312Q01_Total_Active_Power","Technical","","","Technical","","","marpower/power-tag/dirty-oil-pump","total_active_power"
"230V AC - Powertags","AMCS","Transfer Pump 2 Black Water Total Active Power","AC DISTR 10P0.3","$.PT317Q01_Total_Active_Power","Technical","","","Black water","","","marpower/power-tag/transfer-pump-2-black-water","total_active_power"
"230V AC - Powertags","AMCS","Technical Space Ventilator - Out Total Active Power","AC DISTR 10P0.3","$.PT331Q01_Total_Active_Power","HVAC","","Ventilation","","","","marpower/power-tag/technical-space-ventilator-out","total_active_power"
"230V AC - Powertags","AMCS","Fresh Air Unit Fore Ship Total Active Power","AC DISTR 10P0.3","$.PT333Q01_Total_Active_Power","HVAC","","Other","","","","marpower/power-tag/fresh-air-unit-fore-ship","total_active_power"
"230V AC - Powertags","AMCS","Extraction Unit Fore Ship Total Active Power","AC DISTR 10P0.3","$.PT334Q01_Total_Active_Power","HVAC","","Other","","","","marpower/power-tag/extraction-unit-fore-ship","total_active_power"
"230V AC - Powertags","AMCS","Power Distr. Panel Galley - 10P2 Total Active Power","AC DISTR 10P0.3","$.PT335Q01_Total_Active_Power","Technical","","","Technical","","","marpower/power-tag/power-distr-panel-galley-10p2","total_active_power"
"230V AC - Powertags","AMCS","Pressure Pump Total Active Power","AC DISTR 10P0.3","$.PT349Q01_Total_Active_Power","Technical","","","","","","marpower/power-tag/pressure-pump","total_active_power"
"230V AC - Powertags","AMCS","Chilled Water Pump Adsorption Unit Total Active Power","AC DISTR 10P0.3","$.PT350Q01_Total_Active_Power","Technical","","","Cooling","","","marpower/power-tag/chilled-water-pump-adsorption-unit","total_active_power"
"230V AC - Powertags","AMCS","Cooling Water Pump Fwd Propulstion Unit Total Active Power","AC DISTR 10P0.3","$.PT351Q01_Total_Active_Power","Propulsion","","","","","","marpower/power-tag/cooling-water-pump-fwd-propulstion-unit","total_active_power"
"230V AC - Powertags","AMCS","Compressor 2 Total Active Power","AC DISTR 10P0.3","$.PT355Q01_Total_Active_Power","Technical","","","","","","marpower/power-tag/compressor-2","total_active_power"
"230V AC - Powertags","AMCS","Circulation Pump Warm Water Adsorption Unit Total Active Power","AC DISTR 10P0.3","$.PT356Q01_Total_Active_Power","Technical","","","THRS","","","marpower/power-tag/circulation-pump-warm-water-adsorption-unit","total_active_power"
"230V AC - Powertags","AMCS","Cooling Water Pump Adsorption Unit Total Active Power","AC DISTR 10P0.3","$.PT357Q01_Total_Active_Power","Technical","","","Cooling","","","marpower/power-tag/cooling-water-pump-adsorption-unit","total_active_power"
"230V AC - Powertags","AMCS","Circulation Pump PVT Panels Aft Total Active Power","AC DISTR 10P0.3","$.PT358Q01_Total_Active_Power","Technical","","","THRS","","","marpower/power-tag/circulation-pump-pvt-panels-aft","total_active_power"
"230V AC - Powertags","AMCS","Circ. Pump Heat. Water Fresh Hotwater System Total Active Power","AC DISTR 10P0.3","$.PT359Q01_Total_Active_Power","Technical","","","THRS","","","marpower/power-tag/circ-pump-heat-water-fresh-hotwater-system","total_active_power"
"230V AC - Powertags","AMCS","Circ. Pump Cooling Water Electrical System Total Active Power","AC DISTR 10P0.3","$.PT360Q01_Total_Active_Power","Technical","","","THRS","","","marpower/power-tag/circ-pump-cooling-water-electrical-system","total_active_power"
"230V AC - Powertags","AMCS","Battery Room Ventilator SB Fwd Total Active Power","AC DISTR 10P0.3","$.PT374Q01_Total_Active_Power","HVAC","","Ventilation","","390K22","","marpower/power-tag/battery-room-ventilator-sb-fwd","total_active_power"
"230V AC - Powertags","AMCS","Battery Room Ventilator SB Aft Total Active Power","AC DISTR 10P0.3","$.PT375Q01_Total_Active_Power","HVAC","","Ventilation","","390K23","","marpower/power-tag/battery-room-ventilator-sb-aft","total_active_power"
"230V AC - Powertags","AMCS","Welding Socket Lazarette Total Active Power","AC DISTR 10P0.3","$.PT376Q01_Total_Active_Power","Technical","","","Other","","","marpower/power-tag/welding-socket-lazarette","total_active_power"
"230V AC - Powertags","AMCS","Spare Total Active Power","AC DISTR 10P1","$.PT10F01_Total_Active_Power","","","","","","","marpower/power-tag/spare","total_active_power"
"230V AC - Powertags","AMCS","Spare Total Active Power","AC DISTR 10P1","$.PT11F01_Total_Active_Power","","","","","","","marpower/power-tag/spare","total_active_power"
"230V AC - Powertags","AMCS","Spare Total Active Power","AC DISTR 10P1","$.PT12F01_Total_Active_Power","","","","","","","marpower/power-tag/spare","total_active_power"
"230V AC - Powertags","AMCS","Ventilator Aft Peak Total Active Power","AC DISTR 10P1","$.PT19F01_Total_Active_Power","HVAC","","Ventilation","","","","marpower/power-tag/ventilator-aft-peak","total_active_power"
"230V AC - Powertags","AMCS","Ventilator Bilge Aft Ship Total Active Power","AC DISTR 10P1","$.PT20F01_Total_Active_Power","HVAC","","Ventilation","","","","marpower/power-tag/ventilator-bilge-aft-ship","total_active_power"
"230V AC - Powertags","AMCS","FCU: Deck Lounge Guest Cabin Aft SB Total Active Power","AC DISTR 10P1","$.PT21F01_Total_Active_Power","HVAC","","Fan coil units","","","","marpower/power-tag/fcu-deck-lounge-guest-cabin-aft-sb","total_active_power"
"230V AC - Powertags","AMCS","FCU: Technical Space Total Active Power","AC DISTR 10P1","$.PT22F01_Total_Active_Power","HVAC","","Fan coil units","","","","marpower/power-tag/fcu-technical-space","total_active_power"
"230V AC - Powertags","AMCS","FCU: Guest Cabin Fwd PS Guest Cabin Aft PS Total Active Power","AC DISTR 10P1","$.PT23F01_Total_Active_Power","HVAC","","Fan coil units","","","","marpower/power-tag/fcu-guest-cabin-fwd-ps-guest-cabin-aft-ps","total_active_power"
"230V AC - Powertags","AMCS","FCU: Owners Bath.(Hers) Owners State Room PS Total Active Power","AC DISTR 10P1","$.PT24F01_Total_Active_Power","HVAC","","Fan coil units","","","","marpower/power-tag/fcu-owners-bath-hers-owners-state-room-ps","total_active_power"
"230V AC - Powertags","AMCS","FCU: Owners Bath.(His) Owners State Room SB Total Active Power","AC DISTR 10P1","$.PT25F01_Total_Active_Power","HVAC","","Fan coil units","","","","marpower/power-tag/fcu-owners-bath-his-owners-state-room-sb","total_active_power"
"230V AC - Powertags","AMCS","FCU: Ships Office Watersport Storage Total Active Power","AC DISTR 10P1","$.PT26F01_Total_Active_Power","HVAC","","Fan coil units","","","","marpower/power-tag/fcu-ships-office-watersport-storage","total_active_power"
"230V AC - Powertags","AMCS","FCU: Owners Deckh. Dining Main Salon Lounge Total Active Power","AC DISTR 10P1","$.PT27F01_Total_Active_Power","HVAC","","Fan coil units","","","","marpower/power-tag/fcu-owners-deckh-dining-main-salon-lounge","total_active_power"
"230V AC - Powertags","AMCS","AHU1500 Aft Area Total Active Power","AC DISTR 10P1","$.PT28F01_Total_Active_Power","HVAC","","Air handling units","","","","marpower/power-tag/ahu1500-aft-area","total_active_power"
"230V AC - Powertags","AMCS","Discharge Pump Mast Total Active Power","AC DISTR 10P1","$.PT29F01_Total_Active_Power","Technical","","","Grey water","","","marpower/power-tag/discharge-pump-mast","total_active_power"
"230V AC - Powertags","AMCS","Lights Technical Area Total Active Power","AC DISTR 10P1","$.PT30F01_Total_Active_Power","Technical","","","Lighting","","","marpower/power-tag/lights-technical-area","total_active_power"
"230V AC - Powertags","AMCS","Outlets Guest Cabin 2 Total Active Power","AC DISTR 10P1","$.PT31F01_Total_Active_Power","Domestic","Guest cabins","","","","","marpower/power-tag/outlets-guest-cabin-2","total_active_power"
"230V AC - Powertags","AMCS","Outlets Guest Cabin 3 Total Active Power","AC DISTR 10P1","$.PT32F01_Total_Active_Power","Domestic","Guest cabins","","","","","marpower/power-tag/outlets-guest-cabin-3","total_active_power"
"230V AC - Powertags","AMCS","Outlets Owner - EMP125 Total Active Power","AC DISTR 10P1","$.PT33F01_Total_Active_Power","Domestic","Guest cabins","","","","","marpower/power-tag/outlets-owner-emp125","total_active_power"
"230V AC - Powertags","AMCS","Outlets Owner - EMP126 Total Active Power","AC DISTR 10P1","$.PT34F01_Total_Active_Power","Domestic","Guest cabins","","","","","marpower/power-tag/outlets-owner-emp126","total_active_power"
"230V AC - Powertags","AMCS","Outlets Guest Cabin 4 - EMP124 Total Active Power","AC DISTR 10P1","$.PT35F01_Total_Active_Power","Domestic","Guest cabins","","","","","marpower/power-tag/outlets-guest-cabin-4-emp124","total_active_power"
"230V AC - Powertags","AMCS","Outlets Lower Deck Lounge - EMP121 Total Active Power","AC DISTR 10P1","$.PT36F01_Total_Active_Power","Domestic","Guest area","","","","","marpower/power-tag/outlets-lower-deck-lounge-emp121","total_active_power"
"230V AC - Powertags","AMCS","Outlets Owner Private Lounge - EMP220 Total Active Power","AC DISTR 10P1","$.PT37F01_Total_Active_Power","Domestic","Guest area","","","","","marpower/power-tag/outlets-owner-private-lounge-emp220","total_active_power"
"230V AC - Powertags","AMCS","KNX Supply - EMP121 Total Active Power","AC DISTR 10P1","$.PT38F01_Total_Active_Power","Domestic","KNX","","","","","marpower/power-tag/knx-supply-emp121","total_active_power"
"230V AC - Powertags","AMCS","Supply Greenwall Total Active Power","AC DISTR 10P1","$.PT39F01_Total_Active_Power","Domestic","Guest area","","","","","marpower/power-tag/supply-greenwall","total_active_power"
"230V AC - Powertags","AMCS","Spare Total Active Power","AC DISTR 10P1","$.PT40F01_Total_Active_Power","","","","","","","marpower/power-tag/spare","total_active_power"
"230V AC - Powertags","AMCS","Spare Total Active Power","AC DISTR 10P1","$.PT41F01_Total_Active_Power","","","","","","","marpower/power-tag/spare","total_active_power"
"230V AC - Powertags","AMCS","Starlink Total Active Power","AC DISTR 10P1","$.PT60F01_Total_Active_Power","Technical","","","NavComm","","","marpower/power-tag/starlink","total_active_power"
"230V AC - Powertags","AMCS","Diving Compressor Total Active Power","AC DISTR 10P1","$.PT61F01_Total_Active_Power","Technical","","","Other","","","marpower/power-tag/diving-compressor","total_active_power"
"230V AC - Powertags","AMCS","Burglar Alarm System Total Active Power","AC DISTR 10P1","$.PT62F01_Total_Active_Power","Technical","","","NavComm","","","marpower/power-tag/burglar-alarm-system","total_active_power"
"230V AC - Powertags","AMCS","AV System Supply #1 Total Active Power","AC DISTR 10P1","$.PT63F01_Total_Active_Power","Domestic","Guest area","","","","","marpower/power-tag/av-system-supply-1","total_active_power"
"230V AC - Powertags","AMCS","Sliding Window Private Salon Total Active Power","AC DISTR 10P1","$.PT64F01_Total_Active_Power","Domestic","Guest area","","","","","marpower/power-tag/sliding-window-private-salon","total_active_power"
"230V AC - Powertags","AMCS","Supply Greenwall Total Active Power","AC DISTR 10P1","$.PT107F01_Total_Active_Power","Domestic","Guest area","","","","","marpower/power-tag/supply-greenwall","total_active_power"
"230V AC - Powertags","AMCS","Induction Cooktop Galley Total Active Power","AC DISTR 10P2","$.PT10F01_Total_Active_Power","Domestic","Galley","","","","","marpower/power-tag/induction-cooktop-galley","total_active_power"
"230V AC - Powertags","AMCS","Dishwasher Galley-1 Total Active Power","AC DISTR 10P2","$.PT11F01_Total_Active_Power","Domestic","Galley","","","","","marpower/power-tag/dishwasher-galley-1","total_active_power"
"230V AC - Powertags","AMCS","Dishwasher Galley-2 Total Active Power","AC DISTR 10P2","$.PT12F01_Total_Active_Power","Domestic","Galley","","","","","marpower/power-tag/dishwasher-galley-2","total_active_power"
"230V AC - Powertags","AMCS","Oven Galley Total Active Power","AC DISTR 10P2","$.PT13F01_Total_Active_Power","Domestic","Galley","","","","","marpower/power-tag/oven-galley","total_active_power"
"230V AC - Powertags","AMCS","Steam Oven Galley Total Active Power","AC DISTR 10P2","$.PT14F01_Total_Active_Power","Domestic","Galley","","","","","marpower/power-tag/steam-oven-galley","total_active_power"
"230V AC - Powertags","AMCS","Quooker Service Sink Galley Total Active Power","AC DISTR 10P2","$.PT15F01_Total_Active_Power","Domestic","Galley","","","","","marpower/power-tag/quooker-service-sink-galley","total_active_power"
"230V AC - Powertags","AMCS","Quooker Chef Sink Galley Total Active Power","AC DISTR 10P2","$.PT16F01_Total_Active_Power","Domestic","Galley","","","","","marpower/power-tag/quooker-chef-sink-galley","total_active_power"
"230V AC - Powertags","AMCS","Galley JB-1 Total Active Power","AC DISTR 10P2","$.PT17F01_Total_Active_Power","Domestic","Galley","","","","Junction Box: Warming drawer, Vacuum seal drawer, blast chiller, Quooker","marpower/power-tag/galley-jb-1","total_active_power"
"230V AC - Powertags","AMCS","Galley JB-2 Total Active Power","AC DISTR 10P2","$.PT18F01_Total_Active_Power","Domestic","Galley","","","","Junction Box: Food disposer, food processor, trash compactor, custom cooling/freezing box","marpower/power-tag/galley-jb-2","total_active_power"
"230V AC - Powertags","AMCS","Walk In Freezer Total Active Power","AC DISTR 10P2","$.PT19F01_Total_Active_Power","Domestic","Galley","","","","","marpower/power-tag/walk-in-freezer","total_active_power"
"230V AC - Powertags","AMCS","Fridge Total Active Power","AC DISTR 10P2","$.PT20F01_Total_Active_Power","Domestic","Galley","","","","","marpower/power-tag/fridge","total_active_power"
"230V AC - Powertags","AMCS","Compressor Fridge System Total Active Power","AC DISTR 10P2","$.PT21F01_Total_Active_Power","Domestic","Galley","","","","","marpower/power-tag/compressor-fridge-system","total_active_power"
"230V AC - Powertags","AMCS","Compressor Freeze System Total Active Power","AC DISTR 10P2","$.PT22F01_Total_Active_Power","Domestic","Galley","","","","","marpower/power-tag/compressor-freeze-system","total_active_power"
"230V AC - Powertags","AMCS","Discharge Pump Galley/Crew Mess Total Active Power","AC DISTR 10P2","$.PT23F01_Total_Active_Power","Technical","","","Grey water","","","marpower/power-tag/discharge-pump-galley-crew-mess","total_active_power"
"230V AC - Powertags","AMCS","Socket Circuit 2 Total Active Power","AC DISTR 10P2","$.PT24F01_Total_Active_Power","Domestic","Galley","","","","","marpower/power-tag/socket-circuit-2","total_active_power"
"230V AC - Powertags","AMCS","Socket Circuit 3 Total Active Power","AC DISTR 10P2","$.PT25F01_Total_Active_Power","Domestic","Galley","","","","","marpower/power-tag/socket-circuit-3","total_active_power"
"230V AC - Powertags","AMCS","Evaporator Fridge System Total Active Power","AC DISTR 10P2","$.PT26F01_Total_Active_Power","Domestic","Galley","","","","","marpower/power-tag/evaporator-fridge-system","total_active_power"
"230V AC - Powertags","AMCS","Evaporator Freeze System Total Active Power","AC DISTR 10P2","$.PT27F01_Total_Active_Power","Domestic","Galley","","","","","marpower/power-tag/evaporator-freeze-system","total_active_power"
"230V AC - Powertags","AMCS","Circulation Pump Cooling Set Total Active Power","AC DISTR 10P2","$.PT40F01_Total_Active_Power","Technical","","","Cooling","40F01","","marpower/power-tag/circulation-pump-cooling-set","total_active_power"
"230V AC - Powertags","AMCS","Drain Pump Galley Total Active Power","AC DISTR 10P2","$.PT41F01_Total_Active_Power","Technical","","","Grey water","41F01","","marpower/power-tag/drain-pump-galley","total_active_power"
"230V AC - Powertags","AMCS","FCU: Galley Aft Total Active Power","AC DISTR 10P2","$.PT50F01_Total_Active_Power","HVAC","","Fan coil units","","100K01","","marpower/power-tag/fcu-galley-aft","total_active_power"
"230V AC - Powertags","AMCS","FCU: Galley Fwd Total Active Power","AC DISTR 10P2","$.PT50F02_Total_Active_Power","HVAC","","Fan coil units","","100K02","","marpower/power-tag/fcu-galley-fwd","total_active_power"
"230V AC - Powertags","AMCS","Galley Hood Total Active Power","AC DISTR 10P2","$.PT53F01_Total_Active_Power","Domestic","Galley","","","100K03","","marpower/power-tag/galley-hood","total_active_power"
"230V AC - Powertags","AMCS","Outlets Galley - EMP 111 Total Active Power","AC DISTR 10P2","$.PT60F01_Total_Active_Power","Domestic","Galley","","","60F01","","marpower/power-tag/outlets-galley-emp-111","total_active_power"
"230V AC - Powertags","AMCS","Outlets Galley - EMP 111 Total Active Power","AC DISTR 10P2","$.PT61F01_Total_Active_Power","Domestic","Galley","","","61F01","","marpower/power-tag/outlets-galley-emp-111","total_active_power"
"230V AC - Powertags","AMCS","Washer-1 Total Active Power","AC DISTR 10P3","$.PT10F01_Total_Active_Power","Domestic","Laundry","","","","","marpower/power-tag/washer-1","total_active_power"
"230V AC - Powertags","AMCS","Washer-2 Total Active Power","AC DISTR 10P3","$.PT11F01_Total_Active_Power","Domestic","Laundry","","","","","marpower/power-tag/washer-2","total_active_power"
"230V AC - Powertags","AMCS","Dishwasher Crew Mess Total Active Power","AC DISTR 10P3","$.PT12F01_Total_Active_Power","Domestic","Galley","","","","","marpower/power-tag/dishwasher-crew-mess","total_active_power"
"230V AC - Powertags","AMCS","Dryer-1 and Dryer-2 Total Active Power","AC DISTR 10P3","$.PT13F01_Total_Active_Power","Domestic","Laundry","","","","","marpower/power-tag/dryer-1-and-dryer-2","total_active_power"
"230V AC - Powertags","AMCS","Sockets Crew Cabins PS Total Active Power","AC DISTR 10P3","$.PT14F01_Total_Active_Power","Domestic","Crew cabins","","","","","marpower/power-tag/sockets-crew-cabins-ps","total_active_power"
"230V AC - Powertags","AMCS","Sockets Crew Cabins SB Total Active Power","AC DISTR 10P3","$.PT15F01_Total_Active_Power","Domestic","Crew cabins","","","","","marpower/power-tag/sockets-crew-cabins-sb","total_active_power"
"230V AC - Powertags","AMCS","MFHF SSB (Main Supply) Total Active Power","AC DISTR 10P3","$.PT16F01_Total_Active_Power","Technical","","","NavComm","","Medium Frequency / High Frequency","marpower/power-tag/mfhf-ssb-main-supply","total_active_power"
"230V AC - Powertags","AMCS","Sliding Door Crew Corridor Total Active Power","AC DISTR 10P3","$.PT17F01_Total_Active_Power","Domestic","Crew","","","","","marpower/power-tag/sliding-door-crew-corridor","total_active_power"
"230V AC - Powertags","AMCS","Crew Mess JB Total Active Power","AC DISTR 10P3","$.PT18F01_Total_Active_Power","Domestic","Crew","","","","Junction Box: Coffee maker, refrigerator/freezer","marpower/power-tag/crew-mess-jb","total_active_power"
"230V AC - Powertags","AMCS","Interiour Siding Door Galley Fwd Total Active Power","AC DISTR 10P3","$.PT19F01_Total_Active_Power","Domestic","Crew","","","","","marpower/power-tag/interiour-siding-door-galley-fwd","total_active_power"
"230V AC - Powertags","AMCS","Interiour Siding Door Galley Aft Total Active Power","AC DISTR 10P3","$.PT20F01_Total_Active_Power","Domestic","Crew","","","","","marpower/power-tag/interiour-siding-door-galley-aft","total_active_power"
"230V AC - Powertags","AMCS","Main Companion Way Door System Total Active Power","AC DISTR 10P3","$.PT21F01_Total_Active_Power","Domestic","Guest area","","","","","marpower/power-tag/main-companion-way-door-system","total_active_power"
"230V AC - Powertags","AMCS","Entrance Door Aft Deckhouse Total Active Power","AC DISTR 10P3","$.PT22F01_Total_Active_Power","Domestic","Guest area","","","","","marpower/power-tag/entrance-door-aft-deckhouse","total_active_power"
"230V AC - Powertags","AMCS","Door Crew Entrance Total Active Power","AC DISTR 10P3","$.PT23F01_Total_Active_Power","Domestic","Crew","","","","","marpower/power-tag/door-crew-entrance","total_active_power"
"230V AC - Powertags","AMCS","Discharge Pump Crew SB Aft/Mid Total Active Power","AC DISTR 10P3","$.PT24F01_Total_Active_Power","Technical","","","Grey water","","","marpower/power-tag/discharge-pump-crew-sb-aft-mid","total_active_power"
"230V AC - Powertags","AMCS","Discharge Pump Crew PS Mid/Sb Fwd Total Active Power","AC DISTR 10P3","$.PT25F01_Total_Active_Power","Technical","","","Grey water","","","marpower/power-tag/discharge-pump-crew-ps-mid-sb-fwd","total_active_power"
"230V AC - Powertags","AMCS","Circulation Pump Wall & Ceiling Cooling Aft Total Active Power","AC DISTR 10P3","$.PT26F01_Total_Active_Power","Technical","","","Cooling","","","marpower/power-tag/circulation-pump-wall-ceiling-cooling-aft","total_active_power"
"230V AC - Powertags","AMCS","Circulation Pump Wall & Ceiling Cooling Fwd Total Active Power","AC DISTR 10P3","$.PT27F01_Total_Active_Power","Technical","","","Cooling","","","marpower/power-tag/circulation-pump-wall-ceiling-cooling-fwd","total_active_power"
"230V AC - Powertags","AMCS","Wall & Ceiling Cooling Pump Section 2 Total Active Power","AC DISTR 10P3","$.PT28F01_Total_Active_Power","Technical","","","Cooling","","","marpower/power-tag/wall-ceiling-cooling-pump-section-2","total_active_power"
"230V AC - Powertags","AMCS","Wall & Ceiling Cooling Pump Section 4 Total Active Power","AC DISTR 10P3","$.PT29F01_Total_Active_Power","Technical","","","Cooling","","","marpower/power-tag/wall-ceiling-cooling-pump-section-4","total_active_power"
"230V AC - Powertags","AMCS","Wall & Ceiling Cooling Pump Section 5 Total Active Power","AC DISTR 10P3","$.PT30F01_Total_Active_Power","Technical","","","Cooling","","","marpower/power-tag/wall-ceiling-cooling-pump-section-5","total_active_power"
"230V AC - Powertags","AMCS","Toilet Guest Cabin PS Fwd Total Active Power","AC DISTR 10P3","$.PT31F01_Total_Active_Power","Domestic","Guest cabins","","","","","marpower/power-tag/toilet-guest-cabin-ps-fwd","total_active_power"
"230V AC - Powertags","AMCS","To Overflow Cabin Total Active Power","AC DISTR 10P3","$.PT32F01_Total_Active_Power","Technical","","","Grey water","","","marpower/power-tag/to-overflow-cabin","total_active_power"
"230V AC - Powertags","AMCS","Toilet Captains Cabin Total Active Power","AC DISTR 10P3","$.PT33F01_Total_Active_Power","Domestic","Crew cabins","","","","","marpower/power-tag/toilet-captains-cabin","total_active_power"
"230V AC - Powertags","AMCS","Toilet Crew Cabin SB Aft Total Active Power","AC DISTR 10P3","$.PT34F01_Total_Active_Power","Domestic","Crew cabins","","","","","marpower/power-tag/toilet-crew-cabin-sb-aft","total_active_power"
"230V AC - Powertags","AMCS","Toilet Crew Cabin SB Mid Total Active Power","AC DISTR 10P3","$.PT35F01_Total_Active_Power","Domestic","Crew cabins","","","","","marpower/power-tag/toilet-crew-cabin-sb-mid","total_active_power"
"230V AC - Powertags","AMCS","Toilet Crew Cabin PS Mid Total Active Power","AC DISTR 10P3","$.PT36F01_Total_Active_Power","Domestic","Crew cabins","","","","","marpower/power-tag/toilet-crew-cabin-ps-mid","total_active_power"
"230V AC - Powertags","AMCS","Toilet Crew Cabin SB Fwd Total Active Power","AC DISTR 10P3","$.PT37F01_Total_Active_Power","Domestic","Crew cabins","","","","","marpower/power-tag/toilet-crew-cabin-sb-fwd","total_active_power"
"230V AC - Powertags","AMCS","Toilet Crew Cabin PS Fwd Total Active Power","AC DISTR 10P3","$.PT38F01_Total_Active_Power","Domestic","Crew cabins","","","","","marpower/power-tag/toilet-crew-cabin-ps-fwd","total_active_power"
"230V AC - Powertags","AMCS","Lighting Aft Ship Total Active Power","AC DISTR 10P3","$.PT39F01_Total_Active_Power","Technical","","","Lighting","","","marpower/power-tag/lighting-aft-ship","total_active_power"
"230V AC - Powertags","AMCS","Lighting Fore Ship (Section 5) Total Active Power","AC DISTR 10P3","$.PT40F01_Total_Active_Power","Technical","","","Lighting","","","marpower/power-tag/lighting-fore-ship-section-5","total_active_power"
"230V AC - Powertags","AMCS","Lighting Fore Ship (Section 4) Total Active Power","AC DISTR 10P3","$.PT41F01_Total_Active_Power","Technical","","","Lighting","","","marpower/power-tag/lighting-fore-ship-section-4","total_active_power"
"230V AC - Powertags","AMCS","Spare (Lighting) Total Active Power","AC DISTR 10P3","$.PT42F01_Total_Active_Power","Technical","","","Lighting","","","marpower/power-tag/spare-lighting","total_active_power"
"230V AC - Powertags","AMCS","Ventilator Fore Peak Total Active Power","AC DISTR 10P3","$.PT51F01_Total_Active_Power","HVAC","","Ventilation","","","","marpower/power-tag/ventilator-fore-peak","total_active_power"
"230V AC - Powertags","AMCS","Ventilator Bilge Fore Ship Total Active Power","AC DISTR 10P3","$.PT52F01_Total_Active_Power","HVAC","","Ventilation","","","","marpower/power-tag/ventilator-bilge-fore-ship","total_active_power"
"230V AC - Powertags","AMCS","FCU Guest Fwd Cabin PS Total Active Power","AC DISTR 10P3","$.PT53F01_Total_Active_Power","HVAC","","Fan coil units","","","","marpower/power-tag/fcu-guest-fwd-cabin-ps","total_active_power"
"230V AC - Powertags","AMCS","FCU Overflow Bathroom Total Active Power","AC DISTR 10P3","$.PT54F01_Total_Active_Power","HVAC","","Fan coil units","","","","marpower/power-tag/fcu-overflow-bathroom","total_active_power"
"230V AC - Powertags","AMCS","FCU: Laundry Captain Cabin Crew Cabin Mid PS Total Active Power","AC DISTR 10P3","$.PT55F01_Total_Active_Power","HVAC","","Fan coil units","","","","marpower/power-tag/fcu-laundry-captain-cabin-crew-cabin-mid-ps","total_active_power"
"230V AC - Powertags","AMCS","FCU: Crew Mess Crew Cabin Aft Sb Crew Cabin Mid SB Total Active Power","AC DISTR 10P3","$.PT56F01_Total_Active_Power","HVAC","","Fan coil units","","","","marpower/power-tag/fcu-crew-mess-crew-cabin-aft-sb-crew-cabin-mid-sb","total_active_power"
"230V AC - Powertags","AMCS","FCU: Crew Cabin Fwd Ps Crew Cabin Fwd SB Total Active Power","AC DISTR 10P3","$.PT57F01_Total_Active_Power","HVAC","","Fan coil units","","","","marpower/power-tag/fcu-crew-cabin-fwd-ps-crew-cabin-fwd-sb","total_active_power"
"230V AC - Powertags","AMCS","FCU: Main Salon Bar Total Active Power","AC DISTR 10P3","$.PT58F01_Total_Active_Power","HVAC","","Fan coil units","","","","marpower/power-tag/fcu-main-salon-bar","total_active_power"
"230V AC - Powertags","AMCS","Discharge Pumps-8/9/10 Total Active Power","AC DISTR 10P3","$.PT70F01_Total_Active_Power","Technical","","","Grey water","","","marpower/power-tag/discharge-pumps-8-9-10","total_active_power"
"230V AC - Powertags","AMCS","Lights Technical Areas - 901JB003 Total Active Power","AC DISTR 10P3","$.PT80F01_Total_Active_Power","Technical","","","Lighting","","","marpower/power-tag/lights-technical-areas-901jb003","total_active_power"
"230V AC - Powertags","AMCS","Lights Technical Areas - EMP109 Total Active Power","AC DISTR 10P3","$.PT81F01_Total_Active_Power","Technical","","","Lighting","","","marpower/power-tag/lights-technical-areas-emp109","total_active_power"
"230V AC - Powertags","AMCS","Outlets Crew Cabin 1 - EMP101 Total Active Power","AC DISTR 10P3","$.PT82F01_Total_Active_Power","Domestic","Crew cabins","","","","","marpower/power-tag/outlets-crew-cabin-1-emp101","total_active_power"
"230V AC - Powertags","AMCS","Outlets Crew Cabin 2 - EMP102 Total Active Power","AC DISTR 10P3","$.PT83F01_Total_Active_Power","Domestic","Crew cabins","","","","","marpower/power-tag/outlets-crew-cabin-2-emp102","total_active_power"
"230V AC - Powertags","AMCS","Outlets Crew Cabin 3 - EMP103 Total Active Power","AC DISTR 10P3","$.PT84F01_Total_Active_Power","Domestic","Crew cabins","","","","","marpower/power-tag/outlets-crew-cabin-3-emp103","total_active_power"
"230V AC - Powertags","AMCS","Outlets Crew Cabin 4 - EMP104 Total Active Power","AC DISTR 10P3","$.PT85F01_Total_Active_Power","Domestic","Crew cabins","","","","","marpower/power-tag/outlets-crew-cabin-4-emp104","total_active_power"
"230V AC - Powertags","AMCS","Outlets Captains Cabin - EMP105 Total Active Power","AC DISTR 10P3","$.PT86F01_Total_Active_Power","Domestic","Crew cabins","","","","","marpower/power-tag/outlets-captains-cabin-emp105","total_active_power"
"230V AC - Powertags","AMCS","Outlets Crew Cabin 5 - EMP106 Total Active Power","AC DISTR 10P3","$.PT87F01_Total_Active_Power","Domestic","Crew cabins","","","","","marpower/power-tag/outlets-crew-cabin-5-emp106","total_active_power"
"230V AC - Powertags","AMCS","Outlets Laundry - EMP108 Total Active Power","AC DISTR 10P3","$.PT88F01_Total_Active_Power","Domestic","Laundry","","","","","marpower/power-tag/outlets-laundry-emp108","total_active_power"
"230V AC - Powertags","AMCS","Outlets Crew Lounge - EMP108 Total Active Power","AC DISTR 10P3","$.PT89F01_Total_Active_Power","Domestic","Crew","","","","","marpower/power-tag/outlets-crew-lounge-emp108","total_active_power"
"230V AC - Powertags","AMCS","Outlets Crew Mess - EMP109 Total Active Power","AC DISTR 10P3","$.PT90F01_Total_Active_Power","Domestic","Crew","","","","","marpower/power-tag/outlets-crew-mess-emp109","total_active_power"
"230V AC - Powertags","AMCS","Outlets Guest Cabin 1 - EMP112 Total Active Power","AC DISTR 10P3","$.PT91F01_Total_Active_Power","Domestic","Guest cabins","","","","","marpower/power-tag/outlets-guest-cabin-1-emp112","total_active_power"
"230V AC - Powertags","AMCS","Outlets Dining - EMP202 Total Active Power","AC DISTR 10P3","$.PT92F01_Total_Active_Power","Domestic","Guest area","","","","","marpower/power-tag/outlets-dining-emp202","total_active_power"
"230V AC - Powertags","AMCS","Outlets Salon - EMP201 Total Active Power","AC DISTR 10P3","$.PT93F01_Total_Active_Power","Domestic","Guest area","","","","","marpower/power-tag/outlets-salon-emp201","total_active_power"
"230V AC - Powertags","AMCS","EMP110 Total Active Power","AC DISTR 10P3","$.PT94F01_Total_Active_Power","Technical","","","Other","","Lighting and sockets","marpower/power-tag/emp110","total_active_power"
"230V AC - Powertags","AMCS","EMP113 Total Active Power","AC DISTR 10P3","$.PT95F01_Total_Active_Power","Technical","","","Other","","Lighting","marpower/power-tag/emp113","total_active_power"
"230V AC - Powertags","AMCS","Spare Total Active Power","AC DISTR 10P3","$.PT97F01_Total_Active_Power","","","","","","","marpower/power-tag/spare","total_active_power"
"230V AC - Powertags","AMCS","KNX Supply Total Active Power","AC DISTR 10P3","$.PT98F01_Total_Active_Power","Domestic","KNX","","","","","marpower/power-tag/knx-supply","total_active_power"
"230V AC - Powertags","AMCS","AV System Supply #2 Total Active Power","AC DISTR 10P3","$.PT99F01_Total_Active_Power","Domestic","Guest area","","","","","marpower/power-tag/av-system-supply-2","total_active_power"
"230V AC - Powertags","AMCS","Discharge Pump Captain/Laundry Total Active Power","AC DISTR 10P3","$.PT111F01_Total_Active_Power","Technical","","","Grey water","","","marpower/power-tag/discharge-pump-captain-laundry","total_active_power"
"230V AC - Powertags","AMCS","AHU2000T Crew Messroom Total Active Power","AC DISTR 10P3","$.PT59Q01_Total_Active_Power","HVAC","","Air handling units","","","","marpower/power-tag/ahu2000t-crew-messroom","total_active_power"
"uGrid - HV DC/AC converters","PMS","AC Grid Dynamic converter PS Total Active Power","450000 DYNAMIC CONV PS/ACGRID_PS","$.TOTALACTIVEPOWER","Technical","","","Other","","","marpower/power-tag/ac-grid-dynamic-converter-ps","total_active_power"
"uGrid - HV DC/AC converters","PMS","AC Grid Dynamic converter SB Total Active Power","450000 DYNAMIC CONV SB/ACGRID_SB","$.TOTALACTIVEPOWER","Technical","","","Other","","","marpower/power-tag/ac-grid-dynamic-converter-sb","total_active_power"
"24V DC - DC/DC converters","AMCS","24 Vdc DB Emergency 14E2 Voltage Measurement","450000 24VDC SYSTEM/DB_EMERG_14E2","$.VOLTAGE","Technical","","","Emergency","","","marpower/24v/24-vdc-db-emergency","voltage"
"24V DC - DC/DC converters","AMCS","24 Vdc DB Emergency 14E2 Current Measurement","450000 24VDC SYSTEM/DB_EMERG_14E2","$.CURRENT","Technical","","","Emergency","","","marpower/24v/24-vdc-db-emergency","current"
"24V DC - DC/DC converters","AMCS","24 Vdc DB GMDSS 14E3 Voltage Measurement","450000 24VDC SYSTEM/DB_GMDSS_14E3","$.VOLTAGE","Technical","","","GMDSS","","","marpower/24v/24-vdc-db-gmdss","voltage"
"24V DC - DC/DC converters","AMCS","24 Vdc DB GMDSS 14E3 Current Measurement","450000 24VDC SYSTEM/DB_GMDSS_14E3","$.CURRENT","Technical","","","GMDSS","","","marpower/24v/24-vdc-db-gmdss","current"
"24V DC - Control systems","PMS","10F01 Sea Cooling Actuator 38001153-1 & -2 Output Current in mA","450000 24VDC SYSTEM/24E1_10F01","$.OutputCurrent","Technical","","","Service","","","marpower/24v/10f01-sea-cooling-actuator-38001153-1-2","output_current"
"24V DC - Control systems","PMS","11F01 Sea Cooling Actuator 38001153-3 & -4 Output Current in mA","450000 24VDC SYSTEM/24E1_10F01","$.OutputCurrent","Technical","","","Service","","","marpower/24v/11f01-sea-cooling-actuator-38001153-3-4","output_current"
"24V DC - Control systems","PMS","12F01 Navigation Lights - Main Supply Output Current in mA","450000 24VDC SYSTEM/24E1_10F01","$.OutputCurrent","Technical","","","Service","","","marpower/24v/12f01-navigation-lights-main-supply","output_current"
"24V DC - Control systems","PMS","13F01 Navigation Lights - Main Supply Output Current in mA","450000 24VDC SYSTEM/24E1_10F01","$.OutputCurrent","Technical","","","Service","","","marpower/24v/13f01-navigation-lights-main-supply","output_current"
"24V DC - Control systems","PMS","20F01 Stripping Pump 21001004 Output Current in mA","450000 24VDC SYSTEM/24E1_10F01","$.OutputCurrent","Technical","","","Service","","","marpower/24v/20f01-stripping-pump-21001004","output_current"
"24V DC - Control systems","PMS","21F01 Chain Locker Pump Output Current in mA","450000 24VDC SYSTEM/24E1_10F01","$.OutputCurrent","Technical","","","Service","","","marpower/24v/21f01-chain-locker-pump","output_current"
"24V DC - Control systems","PMS","22F01 10P0 Section 1 Panel Light Output Current in mA","450000 24VDC SYSTEM/24E1_10F01","$.OutputCurrent","Technical","","","Service","","","marpower/24v/22f01-10p0-section-1-panel-light","output_current"
"24V DC - Control systems","PMS","23F01 10P0 Section 3 Panel Light Output Current in mA","450000 24VDC SYSTEM/24E1_10F01","$.OutputCurrent","Technical","","","Service","","","marpower/24v/23f01-10p0-section-3-panel-light","output_current"
"24V DC - Control systems","PMS","24F01 Passerelle Output Current in mA","450000 24VDC SYSTEM/24E1_10F01","$.OutputCurrent","Technical","","","Service","","","marpower/24v/24f01-passerelle","output_current"
"24V DC - Control systems","PMS","25F01 Boarding Ladder Output Current in mA","450000 24VDC SYSTEM/24E1_10F01","$.OutputCurrent","Technical","","","Service","","","marpower/24v/25f01-boarding-ladder","output_current"
"24V DC - Control systems","PMS","27F01 SOS Panel Main Power Supply 1 Output Current in mA","450000 24VDC SYSTEM/24E1_10F01","$.OutputCurrent","Technical","","","Service","","","marpower/24v/27f01-sos-panel-main-power-supply-1","output_current"
"24V DC - Control systems","PMS","27F02 SOS Panel Main Power Supply 2 Output Current in mA","450000 24VDC SYSTEM/24E1_10F01","$.OutputCurrent","Technical","","","Service","","","marpower/24v/27f02-sos-panel-main-power-supply-2","output_current"
"24V DC - Control systems","PMS","28F01 Navigation Lights - Main Supply Output Current in mA","450000 24VDC SYSTEM/24E1_10F01","$.OutputCurrent","Technical","","","Service","","","marpower/24v/28f01-navigation-lights-main-supply","output_current"
"24V DC - Control systems","PMS","29F01 Cabinet Sliding Window Owner Private Salon Output Current in mA","450000 24VDC SYSTEM/24E1_10F01","$.OutputCurrent","Technical","","","Service","","","marpower/24v/29f01-cabinet-sliding-window-owner-private-salon","output_current"
"24V DC - Control systems","PMS","31F01 Bed Gimball Output Current in mA","450000 24VDC SYSTEM/24E1_10F01","$.OutputCurrent","Technical","","","Service","","","marpower/24v/31f01-bed-gimball","output_current"
"24V DC - Control systems","PMS","32F01 WT Hatch RM19 Output Current in mA","450000 24VDC SYSTEM/24E1_10F01","$.OutputCurrent","Technical","","","Service","","","marpower/24v/32f01-wt-hatch-rm19","output_current"
"24V DC - Control systems","PMS","80F01 Lights Technical Area - 901JB102 Output Current in mA","450000 24VDC SYSTEM/24E1_10F01","$.OutputCurrent","Technical","","","Service","","","marpower/24v/80f01-lights-technical-area-901jb102","output_current"
"24V DC - Control systems","PMS","81F01 Lights Technical Area - 901JB103 Output Current in mA","450000 24VDC SYSTEM/24E1_10F01","$.OutputCurrent","Technical","","","Service","","","marpower/24v/81f01-lights-technical-area-901jb103","output_current"
"24V DC - Control systems","PMS","82F01 Hull Valves Main Output Current in mA","450000 24VDC SYSTEM/24E1_10F01","$.OutputCurrent","Technical","","","Service","","","marpower/24v/82f01-hull-valves-main","output_current"
"24V DC - Control systems","PMS","83F01 Hatches Nr33/34/44 Output Current in mA","450000 24VDC SYSTEM/24E1_10F01","$.OutputCurrent","Technical","","","Service","","","marpower/24v/83f01-hatches-nr33-34-44","output_current"
"24V DC - Control systems","PMS","84F01 Gyrocompass Output Current in mA","450000 24VDC SYSTEM/24E1_10F01","$.OutputCurrent","Technical","","","Service","","","marpower/24v/84f01-gyrocompass","output_current"
"24V DC - Control systems","PMS","85F01 Technical Water Salinity Sensor Output Current in mA","450000 24VDC SYSTEM/24E1_10F01","$.OutputCurrent","Technical","","","Service","","","marpower/24v/85f01-technical-water-salinity-sensor","output_current"
"24V DC - Control systems","PMS","86F01 Foldable Windows Main Cockpit Output Current in mA","450000 24VDC SYSTEM/24E1_10F01","$.OutputCurrent","Technical","","","Service","","","marpower/24v/86f01-foldable-windows-main-cockpit","output_current"
"24V DC - Control systems","PMS","87F01 Foldable Windows Private Salon Output Current in mA","450000 24VDC SYSTEM/24E1_10F01","$.OutputCurrent","Technical","","","Service","","","marpower/24v/87f01-foldable-windows-private-salon","output_current"
"24V DC - Control systems","PMS","88F01 Sunbed PS Output Current in mA","450000 24VDC SYSTEM/24E1_10F01","$.OutputCurrent","Technical","","","Service","","","marpower/24v/88f01-sunbed-ps","output_current"
"24V DC - Control systems","PMS","89F01 Sunbed SB Output Current in mA","450000 24VDC SYSTEM/24E1_10F01","$.OutputCurrent","Technical","","","Service","","","marpower/24v/89f01-sunbed-sb","output_current"
"24V DC - Control systems","PMS","10F01 Cpp Control System Fwd Prop. Unit Output Current in mA","450000 24VDC SYSTEM/24E2_10F01","$.OutputCurrent","Technical","","","Emergency","","","marpower/24v/10f01-cpp-control-system-fwd-prop-unit","output_current"
"24V DC - Control systems","PMS","11F01 Fire Door Galley Output Current in mA","450000 24VDC SYSTEM/24E2_10F01","$.OutputCurrent","Technical","","","Emergency","","","marpower/24v/11f01-fire-door-galley","output_current"
"24V DC - Control systems","PMS","12F01 Fire Detection Panel Output Current in mA","450000 24VDC SYSTEM/24E2_10F01","$.OutputCurrent","Technical","","","Emergency","","","marpower/24v/12f01-fire-detection-panel","output_current"
"24V DC - Control systems","PMS","13F01 Talk Back Mts Output Current in mA","450000 24VDC SYSTEM/24E2_10F01","$.OutputCurrent","Technical","","","Emergency","","","marpower/24v/13f01-talk-back-mts","output_current"
"24V DC - Control systems","PMS","14F01 Fire Dampers PS & SB Output Current in mA","450000 24VDC SYSTEM/24E2_10F01","$.OutputCurrent","Technical","","","Emergency","","","marpower/24v/14f01-fire-dampers-ps-sb","output_current"
"24V DC - Control systems","PMS","15F01 ??? Output Current in mA","450000 24VDC SYSTEM/24E2_10F01","$.OutputCurrent","","","","","","","marpower/24v/15f01-???","output_current"
"24V DC - Control systems","PMS","16F01 Bilge LVL Petrol Locker Output Current in mA","450000 24VDC SYSTEM/24E2_10F01","$.OutputCurrent","Technical","","","Emergency","","","marpower/24v/16f01-bilge-lvl-petrol-locker","output_current"
"24V DC - Control systems","PMS","18F01 Hull Valves Output Current in mA","450000 24VDC SYSTEM/24E2_10F01","$.OutputCurrent","Technical","","","Emergency","","","marpower/24v/18f01-hull-valves","output_current"
"24V DC - Control systems","PMS","20F01 General Alarm Output Current in mA","450000 24VDC SYSTEM/24E2_10F01","$.OutputCurrent","Technical","","","Emergency","","","marpower/24v/20f01-general-alarm","output_current"
"24V DC - Control systems","PMS","21F01 Signal Panel System Output Current in mA","450000 24VDC SYSTEM/24E2_10F01","$.OutputCurrent","Technical","","","Emergency","","","marpower/24v/21f01-signal-panel-system","output_current"
"24V DC - Control systems","PMS","22F01 Talk Back System Output Current in mA","450000 24VDC SYSTEM/24E2_10F01","$.OutputCurrent","Technical","","","Emergency","","","marpower/24v/22f01-talk-back-system","output_current"
"24V DC - Control systems","PMS","24F01 WT Door Crew Corridor Output Current in mA","450000 24VDC SYSTEM/24E2_10F01","$.OutputCurrent","Technical","","","Emergency","","","marpower/24v/24f01-wt-door-crew-corridor","output_current"
"24V DC - Control systems","PMS","25F01 SOS Panel Back-UP Power Supply 1 Output Current in mA","450000 24VDC SYSTEM/24E2_10F01","$.OutputCurrent","Technical","","","Emergency","","","marpower/24v/25f01-sos-panel-back-up-power-supply-1","output_current"
"24V DC - Control systems","PMS","25F02 SOS Panel Back-UP Power Supply 2 Output Current in mA","450000 24VDC SYSTEM/24E2_10F01","$.OutputCurrent","Technical","","","Emergency","","","marpower/24v/25f02-sos-panel-back-up-power-supply-2","output_current"
"24V DC - Control systems","PMS","26F01 Navigation Lights - EM Supply Output Current in mA","450000 24VDC SYSTEM/24E2_10F01","$.OutputCurrent","Technical","","","Emergency","","","marpower/24v/26f01-navigation-lights-em-supply","output_current"
"24V DC - Control systems","PMS","41F01 EM Lights Technical Area - 903JB103, 903JB004, EMP109 Output Current in mA","450000 24VDC SYSTEM/24E2_10F01","$.OutputCurrent","Technical","","","Emergency","","","marpower/24v/41f01-em-lights-technical-area-903jb103,-903jb004,-emp109","output_current"
"24V DC - Control systems","PMS","42F01 EM Lights Technical Area - 903JB102 Output Current in mA","450000 24VDC SYSTEM/24E2_10F01","$.OutputCurrent","Technical","","","Emergency","","","marpower/24v/42f01-em-lights-technical-area-903jb102","output_current"
"24V DC - Control systems","PMS","45F01 EM Lights Aft Ship Output Current in mA","450000 24VDC SYSTEM/24E2_10F01","$.OutputCurrent","Technical","","","Emergency","","","marpower/24v/45f01-em-lights-aft-ship","output_current"
"24V DC - Control systems","PMS","46F01 EM Lights Fwd Ship Output Current in mA","450000 24VDC SYSTEM/24E2_10F01","$.OutputCurrent","Technical","","","Emergency","","","marpower/24v/46f01-em-lights-fwd-ship","output_current"
"24V DC - Control systems","PMS","47F01 EM Lights Outside Aft/Fwd Output Current in mA","450000 24VDC SYSTEM/24E2_10F01","$.OutputCurrent","Technical","","","Emergency","","","marpower/24v/47f01-em-lights-outside-aft-fwd","output_current"
"24V DC - Control systems","PMS","27F01 Steering System Control - EM Supply Output Current in mA","450000 24VDC SYSTEM/24E2_10F01","$.OutputCurrent","Technical","","","Emergency","","","marpower/24v/27f01-steering-system-control-em-supply","output_current"
"24V DC - Control systems","PMS","60F01 AIS Output Current in mA","450000 24VDC SYSTEM/24E2_10F01","$.OutputCurrent","Technical","","","Emergency","","","marpower/24v/60f01-ais","output_current"
"24V DC - Control systems","PMS","61F01 Autopilot Output Current in mA","450000 24VDC SYSTEM/24E2_10F01","$.OutputCurrent","Technical","","","Emergency","","","marpower/24v/61f01-autopilot","output_current"
"24V DC - Control systems","PMS","63F01 Gyrocompass Output Current in mA","450000 24VDC SYSTEM/24E2_10F01","$.OutputCurrent","Technical","","","Emergency","","","marpower/24v/63f01-gyrocompass","output_current"
"24V DC - Control systems","PMS","66F01 Instrument Package (A&T) Output Current in mA","450000 24VDC SYSTEM/24E2_10F01","$.OutputCurrent","Technical","","","Emergency","","","marpower/24v/66f01-instrument-package-a-t","output_current"
"24V DC - Control systems","PMS","67F01 Instrumentation (Dimm Supply) Output Current in mA","450000 24VDC SYSTEM/24E2_10F01","$.OutputCurrent","Technical","","","Emergency","","","marpower/24v/67f01-instrumentation-dimm-supply","output_current"
"24V DC - Control systems","PMS","68F01 Navtex Output Current in mA","450000 24VDC SYSTEM/24E2_10F01","$.OutputCurrent","Technical","","","Emergency","","","marpower/24v/68f01-navtex","output_current"
"24V DC - Control systems","PMS","69F01 RAI Output Current in mA","450000 24VDC SYSTEM/24E2_10F01","$.OutputCurrent","Technical","","","Emergency","","","marpower/24v/69f01-rai","output_current"
"24V DC - Control systems","PMS","70F01 Deck Crane (MOB) Output Current in mA","450000 24VDC SYSTEM/24E2_10F01","$.OutputCurrent","Technical","","","Emergency","","","marpower/24v/70f01-deck-crane-mob","output_current"
"24V DC - Control systems","PMS","71F01 Valve For Battery Comp. Fan PS/SB Aft/Fwd Output Current in mA","450000 24VDC SYSTEM/24E2_10F01","$.OutputCurrent","Technical","","","Emergency","","","marpower/24v/71f01-valve-for-battery-comp-fan-ps-sb-aft-fwd","output_current"
"24V DC - Control systems","PMS","73F01 Electric Horn (Air Whistle) Output Current in mA","450000 24VDC SYSTEM/24E2_10F01","$.OutputCurrent","Technical","","","Emergency","","","marpower/24v/73f01-electric-horn-air-whistle","output_current"
"24V DC - Control systems","PMS","74F01 Iridium Output Current in mA","450000 24VDC SYSTEM/24E2_10F01","$.OutputCurrent","Technical","","","Emergency","","","marpower/24v/74f01-iridium","output_current"
"24V DC - Control systems","PMS","75F01 Bnwas Output Current in mA","450000 24VDC SYSTEM/24E2_10F01","$.OutputCurrent","Technical","","","Emergency","","","marpower/24v/75f01-bnwas","output_current"
"24V DC - Control systems","PMS","76F01 VHF 2 Output Current in mA","450000 24VDC SYSTEM/24E2_10F01","$.OutputCurrent","Technical","","","Emergency","","","marpower/24v/76f01-vhf-2","output_current"
"24V DC - Control systems","PMS","77F01 Fleetbroad Band Output Current in mA","450000 24VDC SYSTEM/24E2_10F01","$.OutputCurrent","Technical","","","Emergency","","","marpower/24v/77f01-fleetbroad-band","output_current"
"24V DC - Control systems","PMS","10F01 VHF 1 Output Current in mA","450000 24VDC SYSTEM/24E3_10F01","$.OutputCurrent","Technical","","","GMDSS","","","marpower/24v/10f01-vhf-1","output_current"
"24V DC - Control systems","PMS","11F01 Spare Output Current in mA","450000 24VDC SYSTEM/24E3_10F01","$.OutputCurrent","","","","","","","marpower/24v/11f01-spare","output_current"
"24V DC - Control systems","PMS","12F01 MF/HF SSB Output Current in mA","450000 24VDC SYSTEM/24E3_10F01","$.OutputCurrent","Technical","","","GMDSS","","","marpower/24v/12f01-mf-hf-ssb","output_current"
"24V DC - Control systems","PMS","13F01 Dgps Output Current in mA","450000 24VDC SYSTEM/24E3_10F01","$.OutputCurrent","Technical","","","GMDSS","","","marpower/24v/13f01-dgps","output_current"
"24V DC - Control systems","PMS","14F01 Iridium Output Current in mA","450000 24VDC SYSTEM/24E3_10F01","$.OutputCurrent","Technical","","","GMDSS","","","marpower/24v/14f01-iridium","output_current"
"24V DC - Control systems","PMS","15F01 Chart Red Light Output Current in mA","450000 24VDC SYSTEM/24E3_10F01","$.OutputCurrent","Technical","","","GMDSS","","","marpower/24v/15f01-chart-red-light","output_current"
"48V DC - Lighting","AMCS","","","","Domestic","","","","","","marpower/lighting/",""
"48V DC - Lighting","AMCS","","","","Technical","","","","","","marpower/lighting/",""
"350V DC - Lighting / USB sockets","AMCS","","","","Domestic","","","","","","marpower/lighting/",""
"350V DC - Lighting / USB sockets","AMCS","","","","Technical","","","","","","marpower/lighting/",""
"Propulsion - Thrusters / drives","PMS","","","","Propulsion","","","","","","marpower/propulsion/",""
"Batteries - Brightloops","PMS","Brightloop1 Voltage side A","","","Charging","","","","","","marpower/battery-dc-converter/brightloop1","voltage-side-a"
"Batteries - Brightloops","PMS","Brightloop1 Voltage side B","","","Charging","","","","","","marpower/battery-dc-converter/brightloop1","voltage-side-b"
"Batteries - Brightloops","PMS","Brightloop1 Current side A","","","Charging","","","","","","marpower/battery-dc-converter/brightloop1","current-side-a"
"Batteries - Brightloops","PMS","Brightloop1 Current side B","","","Charging","","","","","","marpower/battery-dc-converter/brightloop1","current-side-b"
"Batteries - Brightloops","PMS","Brightloop2 Voltage side A","","","Charging","","","","","","marpower/battery-dc-converter/brightloop2","voltage-side-a"
"Batteries - Brightloops","PMS","Brightloop2 Voltage side B","","","Charging","","","","","","marpower/battery-dc-converter/brightloop2","voltage-side-b"
"Batteries - Brightloops","PMS","Brightloop2 Current side A","","","Charging","","","","","","marpower/battery-dc-converter/brightloop2","current-side-a"
"Batteries - Brightloops","PMS","Brightloop2 Current side B","","","Charging","","","","","","marpower/battery-dc-converter/brightloop2","current-side-b"
"Batteries - Junction boxes / BMS master","PMS","BMS Master1 Stored energy","","","State of charge","","","","","","marpower/bms-master/bms-master1","stored-energy"
"Batteries - Junction boxes / BMS master","PMS","BMS Master2 Stored energy","","","State of charge","","","","","","marpower/bms-master/bms-master2","stored-energy"
"Winches - Aradex","PMS","","","","Technical","","","Technical","","","marpower/winches/",""
"Solar power - Solar converters","PMS","PVT1 Total Active Power","","","Solar","","","","","","marpower/pvt/pvt1","total_active_power"
"Solar power - Solar converters","PMS","PVT2 Total Active Power","","","Solar","","","","","","marpower/pvt/pvt2","total_active_power"
"Solar power - Solar converters","PMS","PVT3 Total Active Power","","","Solar","","","","","","marpower/pvt/pvt3","total_active_power"
"Hydrogeneration - Thrusters","PMS","Thruster1 Total Active Power","","","Hydrogeneration","","","","","","marpower/hydro/thruster1","total_active_power"
"Hydrogeneration - Thrusters","PMS","Thruster2 Total Active Power","","","Hydrogeneration","","","","","","marpower/hydro/thruster2","total_active_power"
"Shore power - AC/DC converters","PMS","Shore power Total Active Power","","","Shore","","","","","","marpower/shore/shore-power","total_active_power"
