,,,,,,OT naming,,,A+T INFORMATION,,,,,,,
Type,Modbus adress,Function,Item,Unit,Alarm / remark,Display name,Abbreviated display name,Display units,Display,Scaling,"Format
resolution","Title
channel",Length,Menu,Channel,Comment/convention
DiscreteInput,1,0.00,Indication Hydraulic fire stop,Momentary,E stop alarm,,,,FALSE,,,,,,,
DiscreteInput,2,0.00,Indication Hydraulic stop Helmstation PS,Momentary,E stop alarm,,,,FALSE,,,,,,,
DiscreteInput,3,0.00,Indication Hydraulic stop Helmstation SB,Momentary,E stop alarm,,,,FALSE,,,,,,,
DiscreteInput,4,0.00,Indication Hydraulic stop Technical room,Momentary,E stop alarm,,,,FALSE,,,,,,,
DiscreteInput,6,0.00,Indication Hydraulic stop Mizzen Mast,Momentary,E stop alarm,,,,FALSE,,,,,,,
DiscreteInput,7,0.00,Indication Hydraulic stop Sail storage locker,Momentary,E stop alarm,,,,FALSE,,,,,,,
DiscreteInput,8,0.00,Indication Hydraulic stop Halyard pit,Momentary,E stop alarm,,,,FALSE,,,,,,,
DiscreteInput,9,0.00,Indication Hydraulic stop Race cockpit,Momentary,E stop alarm,,,,FALSE,,,,,,,
DiscreteInput,10,0.00,Indication Hydraulic System enable extern,Maintained,,,,,FALSE,,,,,,,
DiscreteInput,11,CL-01,Indication Powerpack 1 Running extern,Momentary,,,,,FALSE,,,,,,,
DiscreteInput,12,CL-01,Indication Powerpack 1 Manual Extern,Momentary,,,,,FALSE,,,,,,,
DiscreteInput,13,CL-01,Indication Powerpack 1 On/Off Extern,Momentary,,,,,FALSE,,,,,,,
DiscreteInput,14,CL-01,Indication Powerpack 1 Auto Extern,Momentary,,,,,FALSE,,,,,,,
DiscreteInput,21,CL-02,Indication Powerpack 2 Running extern,Momentary,,,,,FALSE,,,,,,,
DiscreteInput,22,CL-02,Indication Powerpack 2 Manual Extern,Momentary,,,,,FALSE,,,,,,,
DiscreteInput,23,CL-02,Indication Powerpack 2 On/Off Extern,Momentary,,,,,FALSE,,,,,,,
DiscreteInput,24,CL-02,Indication Powerpack 2 Auto Extern,Momentary,,,,,FALSE,,,,,,,
DiscreteInput,31,FP-01,Indication Offline filter unit Running extern,Momentary,,,,,FALSE,,,,,,,
DiscreteInput,32,FP-01,Indication Offline filter Manual Extern,Momentary,,,,,FALSE,,,,,,,
DiscreteInput,33,FP-01,Indication Offline filter On/Off Extern,Momentary,,,,,FALSE,,,,,,,
DiscreteInput,34,FP-01,Indication Offline filter Auto Extern,Momentary,,,,,FALSE,,,,,,,
DiscreteInput,35,FP-01,Offline filter unit Power supply ok,Momentary,,,,,FALSE,,,,,,,
DiscreteInput,41,LEVEL,Tank Low low level Alarm,Momentary,Alarm,,,,FALSE,,,,,,,
DiscreteInput,42,LEVEL,Tank Low level Alarm,Momentary,Alarm,,,,FALSE,,,,,,,
DiscreteInput,44,TEMP,Tank Temperatur alarm,Momentary,Alarm,,,,FALSE,,,,,,,
DiscreteInput,110,1.01,Enable 1.01 Status HMI Blade Cunningham,Maintained,,,,,FALSE,,,,,,,
DiscreteInput,113,1.01,General alarm 1.01 Blade Cunningham,Momentary,Alarm,,,,FALSE,,,,,,,
DiscreteInput,118,1.01-LC,Blade Cunningham Load Alarm,Momentary,Alarm,,,,FALSE,,,,,,,
DiscreteInput,120,1.02,Enable 1.02 Status HMI Code sail tack,Maintained,,,,,FALSE,,,,,,,
DiscreteInput,123,1.02,General alarm 1.02 Code sail tack,Momentary,Alarm,,,,FALSE,,,,,,,
DiscreteInput,128,1.02-LC,Code sail tack Load Alarm,Momentary,Alarm,,,,FALSE,,,,,,,
DiscreteInput,130,1.03,Enable 1.03 Status HMI Blade adjuster,Maintained,,,,,FALSE,,,,,,,
DiscreteInput,133,1.03,General alarm 1.03 Blade adjuster,Momentary,Alarm,,,,FALSE,,,,,,,
DiscreteInput,138,1.03-LC,Blade adjuster Load Alarm,Momentary,Alarm,,,,FALSE,,,,,,,
DiscreteInput,140,1.04,Enable 1.04 Status HMI Staysail stay adjuster,Maintained,,,,,FALSE,,,,,,,
DiscreteInput,143,1.04,General alarm 1.04 Staysail stay adjuster,Momentary,Alarm,,,,FALSE,,,,,,,
DiscreteInput,148,1.04-LC,Staysail stay adjuster Load Alarm,Momentary,Alarm,,,,FALSE,,,,,,,
DiscreteInput,210,2.01,Enable 2.01 Status HMI Main Outhaul,Maintained,,,,,FALSE,,,,,,,
DiscreteInput,213,2.01,General alarm 2.01 Main Outhaul,Momentary,Alarm,,,,FALSE,,,,,,,
DiscreteInput,218,2.01-LC,Main Outhaul Load Alarm,Momentary,Alarm,,,,FALSE,,,,,,,
DiscreteInput,220,2.02,Enable 2.02 Status HMI Main Vang,Maintained,,,,,FALSE,,,,,,,
DiscreteInput,223,2.02,General alarm 2.02 Main Vang,Momentary,Alarm,,,,FALSE,,,,,,,
DiscreteInput,228,2.02-LC,Main Vang Load Alarm Bottom Side,Momentary,Alarm,,,,FALSE,,,,,,,
DiscreteInput,229,2.02-LC,Main Vang Load Alarm Rod Side,Momentary,Alarm,,,,FALSE,,,,,,,
DiscreteInput,230,2.03,Enable 2.03 Status HMI Main checkstay deflector,Maintained,,,,,FALSE,,,,,,,
DiscreteInput,233,2.03,General alarm 2.03 Main checkstay deflector,Momentary,Alarm,,,,FALSE,,,,,,,
DiscreteInput,234,2.03-LC,Main checkstay deflector Load Alarm Sb,Momentary,Alarm,,,,FALSE,,,,,,,
DiscreteInput,235,2.03-LC,Main checkstay deflector Load Alarm Ps,Momentary,Alarm,,,,FALSE,,,,,,,
DiscreteInput,240,2.04,Enable 2.04 Status HMI Main boom preventer,Maintained,,,,,FALSE,,,,,,,
DiscreteInput,243,2.04,General alarm 2.04 Main boom preventer,Momentary,Alarm,,,,FALSE,,,,,,,
DiscreteInput,248,2.04-LC,Main boom preventer Load Alarm,Momentary,Alarm,,,,FALSE,,,,,,,
DiscreteInput,250,2.05,Enable 2.05 Status HMI Main Cunningham,Maintained,,,,,FALSE,,,,,,,
DiscreteInput,253,2.05,General alarm 2.05 Main Cunningham,Momentary,Alarm,,,,FALSE,,,,,,,
DiscreteInput,258,2.05-LC,Main Cunningham Load Alarm,Momentary,Alarm,,,,FALSE,,,,,,,
DiscreteInput,260,2.06,Enable 2.06 Status HMI Blade tweaker PS,Maintained,,,,,FALSE,,,,,,,
DiscreteInput,263,2.06,General alarm 2.06 Blade tweaker PS,Momentary,Alarm,,,,FALSE,,,,,,,
DiscreteInput,268,2.06-LC,Blade tweaker PS Load Alarm,Momentary,Alarm,,,,FALSE,,,,,,,
DiscreteInput,278,2.07-LC,Blade tweaker SB Load Alarm,Momentary,Alarm,,,,FALSE,,,,,,,
DiscreteInput,310,3.01,Enable 3.01 Status HMI Keel lift cylinders,Maintained,,,,,FALSE,,,,,,,
DiscreteInput,313,3.01,General alarm 3.01 Keel lift cylinders,Momentary,Alarm,,,,FALSE,,,,,,,
DiscreteInput,314,3.01,Indication Keel lift cylinders Up extern,Momentary,,,,,FALSE,,,,,,,
DiscreteInput,315,3.01,Indication Keel lift cylinders Down extern,Momentary,,,,,FALSE,,,,,,,
DiscreteInput,316,3.01,Keel lift cylinders up cycle time out alarm,Momentary,Alarm,,,,FALSE,,,,,,,
DiscreteInput,317,3.01,Keel lift cylinders down cycle time out alarm,Momentary,Alarm,,,,FALSE,,,,,,,
DiscreteInput,318,3.01,Keel lift cylinders Sensor 1 failure alarm,Momentary,Alarm,,,,FALSE,,,,,,,
DiscreteInput,320,3.02,Enable 3.02 Status HMI Keel lock cylinders,Maintained,,,,,FALSE,,,,,,,
DiscreteInput,323,3.02,General alarm 3.02 Keel lock cylinders,Momentary,Alarm,,,,FALSE,,,,,,,
DiscreteInput,324,3.01,Indication Keel lift cylinders Locked extern,Momentary,,,,,FALSE,,,,,,,
DiscreteInput,325,3.01,Indication Keel lift cylinders Unlocked extern,Momentary,,,,,FALSE,,,,,,,
DiscreteInput,326,3.02,Keel lock cylinders lock alarm,Momentary,Alarm,,,,FALSE,,,,,,,
DiscreteInput,327,3.01-Out,Keel lift cylinders Hatch open extern,Momentary,,,,,FALSE,,,,,,,
DiscreteInput,330,3.03,Enable 3.03 Status HMI Keel spare,Maintained,,,,,FALSE,,,,,,,
DiscreteInput,333,3.03,General alarm 3.03 Keel spare,Momentary,Alarm,,,,FALSE,,,,,,,
DiscreteInput,410,4.01,Enable 4.01 Status HMI Mizzen headsail furler,Maintained,,,,,FALSE,,,,,,,
DiscreteInput,413,4.01,General alarm 4.01 Mizzen headsail furler,Momentary,Alarm,,,,FALSE,,,,,,,
DiscreteInput,420,4.02,Enable 4.02 Status HMI Mizzen headsail tack adjuster,Maintained,,,,,FALSE,,,,,,,
DiscreteInput,423,4.02,General alarm 4.02 Mizzen headsail tack adjuster,Momentary,Alarm,,,,FALSE,,,,,,,
DiscreteInput,428,4.02-LC,Mizzen headsail tack adjuster Load Alarm,Momentary,Alarm,,,,FALSE,,,,,,,
DiscreteInput,430,4.03,Enable 4.03 Status HMI Crew boarding platform PS,Maintained,,,,,FALSE,,,,,,,
DiscreteInput,433,4.03,General alarm 4.03 Crew boarding platform PS,Momentary,Alarm,,,,FALSE,,,,,,,
DiscreteInput,434,4.03,Indication Crew boarding platform PS Locked extern,Momentary,,,,,FALSE,,,,,,,
DiscreteInput,435,4.03,Indication Crew boarding platform PS Unlocked extern,Momentary,,,,,FALSE,,,,,,,
DiscreteInput,436,4.03,Indication Crew boarding platform PS Up extern,Momentary,,,,,FALSE,,,,,,,
DiscreteInput,440,4.04,Enable 4.04 Status HMI Crew boarding platform Lock PS,Maintained,,,,,FALSE,,,,,,,
DiscreteInput,443,4.04,General alarm 4.04 Crew boarding platform Lock PS,Momentary,Alarm,,,,FALSE,,,,,,,
DiscreteInput,450,4.05,Enable 4.05 Status HMI Oil supply guest boarding system (SB),Maintained,,,,,FALSE,,,,,,,
DiscreteInput,453,4.05,General alarm 4.05 Oil supply guest boarding system (SB),Momentary,Alarm,,,,FALSE,,,,,,,
DiscreteInput,510,5.01,Enable 5.01 Status HMI Mizzen Outhaul,Maintained,,,,,FALSE,,,,,,,
DiscreteInput,513,5.01,General alarm 5.01 Mizzen Outhaul,Momentary,Alarm,,,,FALSE,,,,,,,
DiscreteInput,518,5.01-LC,Mizzen Outhaul Load Alarm,Momentary,Alarm,,,,FALSE,,,,,,,
DiscreteInput,520,5.02,Enable 5.02 Status HMI Mizzen Vang,Maintained,,,,,FALSE,,,,,,,
DiscreteInput,523,5.02,General alarm 5.02 Mizzen Vang,Momentary,Alarm,,,,FALSE,,,,,,,
DiscreteInput,528,5.02-LC,Mizzen Vang Load Alarm Bottom Side,Momentary,Alarm,,,,FALSE,,,,,,,
DiscreteInput,529,5.02-LC,Mizzen Vang Load Alarm Rod Side,Momentary,Alarm,,,,FALSE,,,,,,,
DiscreteInput,530,5.03,Enable 5.03 Status HMI Mizzen checkstay deflector,Maintained,,,,,FALSE,,,,,,,
DiscreteInput,533,5.03,General alarm 5.03 Mizzen checkstay deflector,Momentary,Alarm,,,,FALSE,,,,,,,
DiscreteInput,534,5.03-LC,Mizzen checkstay deflector Load Alarm PS,Momentary,Alarm,,,,FALSE,,,,,,,
DiscreteInput,535,5.03-LC,Mizzen checkstay deflector Load Alarm SB,Momentary,Alarm,,,,FALSE,,,,,,,
DiscreteInput,540,5.04,Enable 5.04 Status HMI Mizzen Cunningham,Maintained,,,,,FALSE,,,,,,,
DiscreteInput,543,5.04,General alarm 5.04 Mizzen Cunningham,Momentary,Alarm,,,,FALSE,,,,,,,
DiscreteInput,548,5.04-LC,Mizzen Cunningham Load Alarm,Momentary,Alarm,,,,FALSE,,,,,,,
DiscreteInput,550,5.05,Enable 5.05 Status HMI Oil supply Passarelle,Maintained,,,,,FALSE,,,,,,,
DiscreteInput,553,5.05,General alarm 5.05 Oil supply Passarelle,Momentary,Alarm,,,,FALSE,,,,,,,
DiscreteInput,560,5.06,Enable 5.06 Status HMI Mizzen boom preventer,Maintained,,,,,FALSE,,,,,,,
DiscreteInput,563,5.06,General alarm 5.06 Mizzen boom preventer,Momentary,Alarm,,,,FALSE,,,,,,,
DiscreteInput,568,5.06-LC,Mizzen boom preventer Load Alarm,Momentary,Alarm,,,,FALSE,,,,,,,
DiscreteInput,600,6.00,Enable 6.00 Status HMI Tender crane,Maintained,,,,,FALSE,,,,,,,
DiscreteInput,603,6.00,General alarm 6.00 Tender crane,Momentary,Alarm,,,,FALSE,,,,,,,
DiscreteInput,1110,E1.01,Enable E1.01 Status HMI Code furler,Maintained,,,,,FALSE,,,,,,,
DiscreteInput,1113,E1.01,General alarm E1.01 Code furler,Momentary,Alarm,,,,FALSE,,,,,,,
DiscreteInput,1120,E1.02,Enable E1.02 Status HMI Blade furler,Maintained,,,,,FALSE,,,,,,,
DiscreteInput,1123,E1.02,General alarm E1.02 Blade furler,Momentary,Alarm,,,,FALSE,,,,,,,
DiscreteInput,1130,E1.03,Enable E1.03 Status HMI Staysail furler,Maintained,,,,,FALSE,,,,,,,
DiscreteInput,1133,E1.03,General alarm E1.03 Staysail furler,Momentary,Alarm,,,,FALSE,,,,,,,
DiscreteInput,1140,E1.04,Enable E1.04 Status HMI Bow deck winch PS,Maintained,,,,,FALSE,,,,,,,
DiscreteInput,1143,E1.04,General alarm E1.04 Bow deck winch PS,Momentary,Alarm,,,,FALSE,,,,,,,
DiscreteInput,1150,E1.05,Enable E1.05 Status HMI Bow deck winch SB,Maintained,,,,,FALSE,,,,,,,
DiscreteInput,1153,E1.05,General alarm E1.05 Bow deck winch SB,Momentary,Alarm,,,,FALSE,,,,,,,
DiscreteInput,1160,E1.06,Enable E1.06 Status HMI Anchor windlass PS,Maintained,,,,,FALSE,,,,,,,
DiscreteInput,1163,E1.06,General alarm E1.06 Anchor windlass PS,Momentary,Alarm,,,,FALSE,,,,,,,
DiscreteInput,1170,E1.07,Enable E1.07 Status HMI Anchor windlass SB,Maintained,,,,,FALSE,,,,,,,
DiscreteInput,1173,E1.07,General alarm E1.07 Anchor windlass SB,Momentary,Alarm,,,,FALSE,,,,,,,
DiscreteInput,1180,E1.08,Enable E1.08 Status HMI Sail drum,Maintained,,,,,FALSE,,,,,,,
DiscreteInput,1183,E1.08,General alarm E1.08 Sail drum,Momentary,Alarm,,,,FALSE,,,,,,,
DiscreteInput,1210,E2.01,Enable E2.01 Status HMI Blade sheet captive winch PS,Maintained,,,,,FALSE,,,,,,,
DiscreteInput,1213,E2.01,General alarm E2.01 Blade sheet captive winch PS,Momentary,Alarm,,,,FALSE,,,,,,,
DiscreteInput,1214,E2.01-Dti,Blade sheet captive winch PS Drum Tension Alarm,Momentary,Alarm,,,,FALSE,,,,,,,
DiscreteInput,1215,E2.01-In,Blade sheet captive winch PS Inner Alarm,Momentary,Alarm,,,,FALSE,,,,,,,
DiscreteInput,1216,E2.01-Out,Blade sheet captive winch PS Outer Alarm,Momentary,Alarm,,,,FALSE,,,,,,,
DiscreteInput,1228,E2.02-LC,Blade sheet ps feeder Load Alarm,Momentary,Alarm,,,,FALSE,,,,,,,
DiscreteInput,1230,E2.03,Enable E2.03 Status HMI Staysail sheet captive winch PS,Maintained,,,,,FALSE,,,,,,,
DiscreteInput,1233,E2.03,General alarm E2.03 Staysail sheet captive winch PS,Momentary,Alarm,,,,FALSE,,,,,,,
DiscreteInput,1234,E2.03-Dti,Staysail sheet captive winch PS Drum Tension Alarm,Momentary,Alarm,,,,FALSE,,,,,,,
DiscreteInput,1235,E2.03-In,Staysail sheet captive winch PS Inner Alarm,Momentary,Alarm,,,,FALSE,,,,,,,
DiscreteInput,1236,E2.03-Out,Staysail sheet captive winch PS Outer Alarm,Momentary,Alarm,,,,FALSE,,,,,,,
DiscreteInput,1248,E2.04-LC,Staysail sheet ps feeder Load Alarm,Momentary,Alarm,,,,FALSE,,,,,,,
DiscreteInput,1250,E2.05,Enable E2.05 Status HMI Main sheet captive winch,Maintained,,,,,FALSE,,,,,,,
DiscreteInput,1253,E2.05,General alarm E2.05 Main sheet captive winch,Momentary,Alarm,,,,FALSE,,,,,,,
DiscreteInput,1254,E2.05-Dti,Main sheet captive winch Drum Tension Alarm,Momentary,Alarm,,,,FALSE,,,,,,,
DiscreteInput,1255,E2.05-In,Main sheet captive winch Inner Alarm,Momentary,Alarm,,,,FALSE,,,,,,,
DiscreteInput,1256,E2.05-Out,Main sheet captive winch Outer Alarm,Momentary,Alarm,,,,FALSE,,,,,,,
DiscreteInput,1258,E2.05-LC,Main sheet captive winch Load Alarm,Momentary,Alarm,,,,FALSE,,,,,,,
DiscreteInput,1270,E2.07,Enable E2.07 Status HMI Main halyard captive winch,Maintained,,,,,FALSE,,,,,,,
DiscreteInput,1273,E2.07,General alarm E2.07 Main halyard captive winch,Momentary,Alarm,,,,FALSE,,,,,,,
DiscreteInput,1274,E2.07-Dti,Main halyard captive winch Drum Tension Alarm,Momentary,Alarm,,,,FALSE,,,,,,,
DiscreteInput,1275,E2.07-In,Main halyard captive winch Inner Alarm,Momentary,Alarm,,,,FALSE,,,,,,,
DiscreteInput,1276,E2.07-Out,Main halyard captive winch Outer Alarm,Momentary,Alarm,,,,FALSE,,,,,,,
DiscreteInput,1277,E2.07-Lti,Main halyard captive winch Line Tension Alarm,Momentary,Alarm,,,,FALSE,,,,,,,
DiscreteInput,1278,E2.07-LC,Main halyard captive winch Load Alarm,Momentary,Alarm,,,,FALSE,,,,,,,
DiscreteInput,1280,E2.08,Enable E2.08 Status HMI Crows nest captive,Maintained,,,,,FALSE,,,,,,,
DiscreteInput,1283,E2.08,General alarm E2.08 Crows nest captive,Momentary,Alarm,,,,FALSE,,,,,,,
DiscreteInput,1284,E2.08-Dti,Crows nest captive Drum Tension Alarm,Momentary,Alarm,,,,FALSE,,,,,,,
DiscreteInput,1285,E2.08-In,Crows nest captive Inner Alarm,Momentary,Alarm,,,,FALSE,,,,,,,
DiscreteInput,1286,E2.08-Out,Crows nest captive Outer Alarm,Momentary,Alarm,,,,FALSE,,,,,,,
DiscreteInput,1287,E2.08-Lti,Crows nest captive Line Tension Alarm,Momentary,Alarm,,,,FALSE,,,,,,,
DiscreteInput,1290,E2.09,Enable E2.09 Status HMI Main mast deck winch PS Fwd,Maintained,,,,,FALSE,,,,,,,
DiscreteInput,1293,E2.09,General alarm E2.09 Main mast deck winch PS Fwd,Momentary,Alarm,,,,FALSE,,,,,,,
DiscreteInput,1310,E3.01,Enable E3.01 Status HMI Blade sheet captive winch SB,Maintained,,,,,FALSE,,,,,,,
DiscreteInput,1313,E3.01,General alarm E3.01 Blade sheet captive winch SB,Momentary,Alarm,,,,FALSE,,,,,,,
DiscreteInput,1314,E3.01-Dti,Blade sheet captive winch SB Drum Tension Alarm,Momentary,Alarm,,,,FALSE,,,,,,,
DiscreteInput,1315,E3.01-In,Blade sheet captive winch SB Inner Alarm,Momentary,Alarm,,,,FALSE,,,,,,,
DiscreteInput,1316,E3.01-Out,Blade sheet captive winch SB Outer Alarm,Momentary,Alarm,,,,FALSE,,,,,,,
DiscreteInput,1328,E3.02-LC,Blade sheet sb feeder Load Alarm,Momentary,Alarm,,,,FALSE,,,,,,,
DiscreteInput,1330,E3.03,Enable E3.03 Status HMI Staysail sheet captive winch SB,Maintained,,,,,FALSE,,,,,,,
DiscreteInput,1333,E3.03,General alarm E3.03 Staysail sheet captive winch SB,Momentary,Alarm,,,,FALSE,,,,,,,
DiscreteInput,1334,E3.03-Dti,Staysail sheet captive winch SB Drum Tension Alarm,Momentary,Alarm,,,,FALSE,,,,,,,
DiscreteInput,1335,E3.03-In,Staysail sheet captive winch SB Inner Alarm,Momentary,Alarm,,,,FALSE,,,,,,,
DiscreteInput,1336,E3.03-Out,Staysail sheet captive winch SB Outer Alarm,Momentary,Alarm,,,,FALSE,,,,,,,
DiscreteInput,1348,E3.04-LC,Staysail sheet sb feeder Load Alarm,Momentary,Alarm,,,,FALSE,,,,,,,
DiscreteInput,1350,E3.05,Enable E3.05 Status HMI Main mast deck winch SB Fwd,Maintained,,,,,FALSE,,,,,,,
DiscreteInput,1353,E3.05,General alarm E3.05 Main mast deck winch SB Fwd,Momentary,Alarm,,,,FALSE,,,,,,,
DiscreteInput,1360,E3.06,Enable E3.06 Status HMI Main mast deck winch SB Aft,Maintained,,,,,FALSE,,,,,,,
DiscreteInput,1363,E3.06,General alarm E3.06 Main mast deck winch SB Aft,Momentary,Alarm,,,,FALSE,,,,,,,
DiscreteInput,1380,E3.08,Enable E3.08 Status HMI Primary deck winch SB,Maintained,,,,,FALSE,,,,,,,
DiscreteInput,1383,E3.08,General alarm E3.08 Primary deck winch SB,Momentary,Alarm,,,,FALSE,,,,,,,
DiscreteInput,1388,E3.08-LC,Primary deck winch SB Load Alarm,Momentary,Alarm,,,,FALSE,,,,,,,
DiscreteInput,1410,E4.01,Enable E4.01 Status HMI Main runner captive winch PS,Maintained,,,,,FALSE,,,,,,,
DiscreteInput,1413,E4.01,General alarm E4.01 Main runner captive winch PS,Momentary,Alarm,,,,FALSE,,,,,,,
DiscreteInput,1414,E4.01-Dti,Main runner captive winch PS Drum Tension Alarm,Momentary,Alarm,,,,FALSE,,,,,,,
DiscreteInput,1415,E4.01-In,Main runner captive winch PS Inner Alarm,Momentary,Alarm,,,,FALSE,,,,,,,
DiscreteInput,1416,E4.01-Out,Main runner captive winch PS Outer Alarm,Momentary,Alarm,,,,FALSE,,,,,,,
DiscreteInput,1418,E4.01-LC,Main runner captive winch PS Load Alarm,Momentary,Alarm,,,,FALSE,,,,,,,
DiscreteInput,1420,E4.02,Enable E4.02 Status HMI Mizzen runner captive winch PS,Maintained,,,,,FALSE,,,,,,,
DiscreteInput,1423,E4.02,General alarm E4.02 Mizzen runner captive winch PS,Momentary,Alarm,,,,FALSE,,,,,,,
DiscreteInput,1424,E4.02-Dti,Mizzen runner captive winch PS Drum Tension Alarm,Momentary,Alarm,,,,FALSE,,,,,,,
DiscreteInput,1425,E4.02-In,Mizzen runner captive winch PS Inner Alarm,Momentary,Alarm,,,,FALSE,,,,,,,
DiscreteInput,1426,E4.02-Out,Mizzen runner captive winch PS Outer Alarm,Momentary,Alarm,,,,FALSE,,,,,,,
DiscreteInput,1428,E4.02-LC,Mizzen runner captive winch PS Load Alarm,Momentary,Alarm,,,,FALSE,,,,,,,
DiscreteInput,1440,E4.04,Enable E4.04 Status HMI Mizzen halyard captive winch,Maintained,,,,,FALSE,,,,,,,
DiscreteInput,1443,E4.04,General alarm E4.04 Mizzen halyard captive winch,Momentary,Alarm,,,,FALSE,,,,,,,
DiscreteInput,1444,E4.04-Dti,Mizzen halyard captive winch Drum Tension Alarm,Momentary,Alarm,,,,FALSE,,,,,,,
DiscreteInput,1445,E4.04-In,Mizzen halyard captive winch Inner Alarm,Momentary,Alarm,,,,FALSE,,,,,,,
DiscreteInput,1446,E4.04-Out,Mizzen halyard captive winch Outer Alarm,Momentary,Alarm,,,,FALSE,,,,,,,
DiscreteInput,1447,E4.04-Lti,Mizzen halyard captive winch Line Tension Alarm,Momentary,Alarm,,,,FALSE,,,,,,,
DiscreteInput,1448,E4.04-LC,Mizzen halyard captive winch Load Alarm,Momentary,Alarm,,,,FALSE,,,,,,,
DiscreteInput,1450,E4.05,Enable E4.05 Status HMI Main sheet traveller winch,Maintained,,,,,FALSE,,,,,,,
DiscreteInput,1453,E4.05,General alarm E4.05 Main sheet traveller winch,Momentary,Alarm,,,,FALSE,,,,,,,
DiscreteInput,1454,E4.05-Dti,Main sheet traveller winch Drum Tension Alarm,Momentary,Alarm,,,,FALSE,,,,,,,
DiscreteInput,1455,E4.05-In,Main sheet traveller winch Inner Alarm,Momentary,Alarm,,,,FALSE,,,,,,,
DiscreteInput,1456,E4.05-Out,Main sheet traveller winch Outer Alarm,Momentary,Alarm,,,,FALSE,,,,,,,
DiscreteInput,1460,E4.06,Enable E4.06 Status HMI Pop-up capstan PS,Maintained,,,,,FALSE,,,,,,,
DiscreteInput,1463,E4.06,General alarm E4.06 Pop-up capstan PS,Momentary,Alarm,,,,FALSE,,,,,,,
DiscreteInput,1470,E4.07,Enable E4.07 Status HMI Mizzen mast deck winch PS,Maintained,,,,,FALSE,,,,,,,
DiscreteInput,1473,E4.07,General alarm E4.07 Mizzen mast deck winch PS,Momentary,Alarm,,,,FALSE,,,,,,,
DiscreteInput,1480,E4.08,Enable E4.08 Status HMI Aft deck deck winch PS,Maintained,,,,,FALSE,,,,,,,
DiscreteInput,1483,E4.08,General alarm E4.08 Aft deck deck winch PS,Momentary,Alarm,,,,FALSE,,,,,,,
DiscreteInput,1488,E4.08-LC,Aft deck deck winch PS Load Alarm,Momentary,Alarm,,,,FALSE,,,,,,,
DiscreteInput,1510,E5.01,Enable E5.01 Status HMI Main runner captive winch SB,Maintained,,,,,FALSE,,,,,,,
DiscreteInput,1513,E5.01,General alarm E5.01 Main runner captive winch SB,Momentary,Alarm,,,,FALSE,,,,,,,
DiscreteInput,1514,E5.01-Dti,Main runner captive winch SB Drum Tension Alarm,Momentary,Alarm,,,,FALSE,,,,,,,
DiscreteInput,1515,E5.01-In,Main runner captive winch SB Inner Alarm,Momentary,Alarm,,,,FALSE,,,,,,,
DiscreteInput,1516,E5.01-Out,Main runner captive winch SB Outer Alarm,Momentary,Alarm,,,,FALSE,,,,,,,
DiscreteInput,1518,E5.01-LC,Main runner captive winch SB Load Alarm,Momentary,Alarm,,,,FALSE,,,,,,,
DiscreteInput,1520,E5.02,Enable E5.02 Status HMI Mizzen runner captive winch SB,Maintained,,,,,FALSE,,,,,,,
DiscreteInput,1523,E5.02,General alarm E5.02 Mizzen runner captive winch SB,Momentary,Alarm,,,,FALSE,,,,,,,
DiscreteInput,1524,E5.02-Dti,Mizzen runner captive winch SB Drum Tension Alarm,Momentary,Alarm,,,,FALSE,,,,,,,
DiscreteInput,1525,E5.02-In,Mizzen runner captive winch SB Inner Alarm,Momentary,Alarm,,,,FALSE,,,,,,,
DiscreteInput,1526,E5.02-Out,Mizzen runner captive winch SB Outer Alarm,Momentary,Alarm,,,,FALSE,,,,,,,
DiscreteInput,1528,E5.02-LC,Mizzen runner captive winch SB Load Alarm,Momentary,Alarm,,,,FALSE,,,,,,,
DiscreteInput,1540,E5.04,Enable E5.04 Status HMI Mizzen sheet captive winch,Maintained,,,,,FALSE,,,,,,,
DiscreteInput,1543,E5.04,General alarm E5.04 Mizzen sheet captive winch,Momentary,Alarm,,,,FALSE,,,,,,,
DiscreteInput,1544,E5.04-Dti,Mizzen sheet captive winch Drum Tension Alarm,Momentary,Alarm,,,,FALSE,,,,,,,
DiscreteInput,1545,E5.04-In,Mizzen sheet captive winch Inner Alarm,Momentary,Alarm,,,,FALSE,,,,,,,
DiscreteInput,1546,E5.04-Out,Mizzen sheet captive winch Outer Alarm,Momentary,Alarm,,,,FALSE,,,,,,,
DiscreteInput,1548,E5.04-LC,Mizzen sheet captive winch Load Alarm,Momentary,Alarm,,,,FALSE,,,,,,,
DiscreteInput,1560,E5.06,Enable E5.06 Status HMI Pop-up capstan SB,Maintained,,,,,FALSE,,,,,,,
DiscreteInput,1563,E5.06,General alarm E5.06 Pop-up capstan SB,Momentary,Alarm,,,,FALSE,,,,,,,
DiscreteInput,1570,E5.07,Enable E5.07 Status HMI Mizzen mast deck winch SB,Maintained,,,,,FALSE,,,,,,,
DiscreteInput,1573,E5.07,General alarm E5.07 Mizzen mast deck winch SB,Momentary,Alarm,,,,FALSE,,,,,,,
DiscreteInput,1580,E5.08,Enable E5.08 Status HMI Aft deck deck winch SB,Maintained,,,,,FALSE,,,,,,,
DiscreteInput,1583,E5.08,General alarm E5.08 Aft deck deck winch SB,Momentary,Alarm,,,,FALSE,,,,,,,
DiscreteInput,1588,E5.08-LC,Aft deck deck winch SB Load Alarm,Momentary,Alarm,,,,FALSE,,,,,,,
DiscreteInput,2100,E2.10,Enable E2.10 Status HMI Main mast deck winch PS Aft,Maintained,,,,,FALSE,,,,,,,
DiscreteInput,2103,E2.10,General alarm E2.10 Main mast deck winch PS Aft,Momentary,Alarm,,,,FALSE,,,,,,,
DiscreteInput,2120,E2.12,Enable E2.12 Status HMI Primary deck winch PS,Maintained,,,,,FALSE,,,,,,,
DiscreteInput,2123,E2.12,General alarm E2.12 Primary deck winch PS,Momentary,Alarm,,,,FALSE,,,,,,,
DiscreteInput,2128,E2.12-LC,Primary deck winch PS Load Alarm,Momentary,Alarm,,,,FALSE,,,,,,,
DiscreteInput,2401,E2.07,Indication Main Halyard lock full hoist Extern,Maintained,,Main Headboard lock,MNF lock,,FALSE,,,,,,,
DiscreteInput,2402,E2.07,Indication Main Halyard lock full hoist overhoist Extern,Maintained,,Main Headboard overhoist,MNF overhoist,,FALSE,,,,,,,
DiscreteInput,2403,E2.07,Indication Main Halyard lock 1 Extern,Maintained,,Main Reef 1 lock,MN1R lock,,FALSE,,,,,,,
DiscreteInput,2404,E2.07,Indication Main Halyard lock 1 overhoist Extern,Maintained,,Main Reef 1 overhoist,MN1R overhoist,,FALSE,,,,,,,
DiscreteInput,2405,E2.07,Indication Main Halyard lock 2 Extern,Maintained,,Main Reef 2 lock,MN2R lock,,FALSE,,,,,,,
DiscreteInput,2406,E2.07,Indication Main Halyard lock 2 overhoist Extern,Maintained,,Main Reef 2 overhoist,MN2R overhoist,,FALSE,,,,,,,
DiscreteInput,2407,E2.07,Indication Main Halyard lock 3 Extern,Maintained,,Main Reef 3 lock,MN3R lock,,FALSE,,,,,,,
DiscreteInput,2408,E2.07,Indication Main Halyard lock 3 overhoist Extern,Maintained,,Main Reef 3 overhoist,MN3R overhoist,,FALSE,,,,,,,
DiscreteInput,2409,A2,Indication Main A2 lock Extern,Maintained,,A2 lock,A2 lock,,FALSE,,,,,,,
DiscreteInput,2410,A2,Indication Main A2 overhoist Extern,Maintained,,A2 overhoist,A2 overhoist,,FALSE,,,,,,,
DiscreteInput,2411,E1.01,Indication Main A3/C0 lock Extern,Maintained,,A3/C0 lock,A3/C0 lock,,FALSE,,,,,,,
DiscreteInput,2412,E1.01,Indication Main A3/C0 overhoist Extern,Maintained,,A3/C0 overhoist,A3/C0 overhoist,,FALSE,,,,,,,
DiscreteInput,2413,E1.03,Indication Main Staysail lock Extern,Maintained,,Staysail lock,SS lock,,FALSE,,,,,,,
DiscreteInput,2414,E1.03,Indication Main Staysail overhoist Extern,Maintained,,Staysail overhoist,SS overhoist,,FALSE,,,,,,,
DiscreteInput,2415,SJ,Indication Main StormJib lock Extern,Maintained,,Stormjib lock,SJ lock,,FALSE,,,,,,,
DiscreteInput,2416,SJ,Indication Main StormJib overhoist Extern,Maintained,,Stormjib overhoist,SJ overhoist,,FALSE,,,,,,,
DiscreteInput,2417,TS,Indication Main Trysail lock Extern,Maintained,,,,,FALSE,,,,,,,
DiscreteInput,2418,TS,Indication Main Trysail overhoist Extern,Maintained,,,,,FALSE,,,,,,,
DiscreteInput,2421,E2.07,Indication Main Boom reef lock 1 Extern,Maintained,,Main Boom Reef 1 lock,MN1R Boom lock,,FALSE,,,,,,,
DiscreteInput,2423,E2.07,Indication Main Boom reef lock 2 Extern,Maintained,,Main Boom Reef 2 lock,MN2R Boom lock,,FALSE,,,,,,,
DiscreteInput,2426,E2.07,Indication Main Boom reef lock 3 Extern,Maintained,,Main Boom Reef 3 lock,MN3R Boom lock,,FALSE,,,,,,,
DiscreteInput,2427,00.00,Indication Sail Function stop Main Mast Ps,Momentary,,,,,FALSE,,,,,,,
DiscreteInput,2428,00.00,Indication Sail Function stop Main Mast Sb,Momentary,,,,,FALSE,,,,,,,
DiscreteInput,2431,E4.04,Indication Mizzen Halyard lock full hoist Extern,Maintained,,Mizzen Headboard lock,MZF lock,,FALSE,,,,,,,
DiscreteInput,2432,E4.04,Indication Mizzen Halyard lock full hoist overhoist Extern,Maintained,,Mizzen Headboard overhoist,MZF overhoist,,FALSE,,,,,,,
DiscreteInput,2433,E4.04,Indication Mizzen Halyard lock 1 Extern,Maintained,,Mizzen Reef 1 lock,MZ1R lock,,FALSE,,,,,,,
DiscreteInput,2434,E4.04,Indication Mizzen Halyard lock 1 overhoist Extern,Maintained,,Mizzen Reef 1 overhoist,MZ1R overhoist,,FALSE,,,,,,,
DiscreteInput,2435,E4.04,Indication Mizzen Halyard lock 2 Extern,Maintained,,Mizzen Reef 2 lock,MZ2R lock,,FALSE,,,,,,,
DiscreteInput,2436,E4.04,Indication Mizzen Halyard lock 2 overhoist Extern,Maintained,,Mizzen Reef 2 overhoist,MZ2R overhoist,,FALSE,,,,,,,
DiscreteInput,2437,4.01,Indication Mizzen headsail lock Extern,Maintained,,Mizzen Headsail lock,MZHS lock,,FALSE,,,,,,,
DiscreteInput,2438,4.01,Indication Mizzen headsail overhoist Extern,Maintained,,Mizzen Headsail overhoist,MZHS overhoist,,FALSE,,,,,,,
DiscreteInput,2451,E4.04,Indication Mizzen Boom reef lock 1 Extern,Maintained,,Mizzen Boom Reef 1 lock,MZ1R Boom lock,,FALSE,,,,,,,
DiscreteInput,2453,E4.04,Indication Mizzen Boom reef lock 2 Extern,Maintained,,Mizzen Boom Reef 2 lock,MZ2R Boom overhoist,,FALSE,,,,,,,
DiscreteInput,2457,00.00,Indication Sail Function stop Mizzen Mast Ps,Momentary,,,,,FALSE,,,,,,,
DiscreteInput,2458,00.00,Indication Sail Function stop Mizzen Mast Sb,Momentary,,,,,FALSE,,,,,,,
DiscreteInput,2501,0.00,Isolated DC FPK earth fault alarm,Momentary,Alarm,,,,FALSE,,,,,,,
DiscreteInput,2502,0.00,Isolated DC MAIN earth fault alarm,Momentary,Alarm,,,,FALSE,,,,,,,
DiscreteInput,2503,0.00,Isolated DC HYP earth fault alarm,Momentary,Alarm,,,,FALSE,,,,,,,
DiscreteInput,2504,0.00,Isolated DC LAZ earth fault alarm,Momentary,Alarm,,,,FALSE,,,,,,,
DiscreteInput,2505,RCMntnc,maintenance remote active,Momentary,Alarm,,,,FALSE,,,,,,,
DiscreteInput,2510,CP-01,Cooling loop fore peak no flow alarm,Momentary,Alarm,,,,FALSE,,,,,,,
DiscreteInput,2511,CP-02,Cooling loop halyard pit no flow alarm,Momentary,Alarm,,,,FALSE,,,,,,,
DiscreteInput,2512,CP-03,Cooling loop technical space no flow alarm,Momentary,Alarm,,,,FALSE,,,,,,,
DiscreteInput,2513,CP-04,Cooling loop lazarette no flow alarm,Momentary,Alarm,,,,FALSE,,,,,,,
DiscreteInput,2514,CP-01,Cooling loop fore peak high cooling temp alarm,Momentary,Alarm,,,,FALSE,,,,,,,
DiscreteInput,2515,CP-02,Cooling loop halyard pit high cooling temp alarm,Momentary,Alarm,,,,FALSE,,,,,,,
DiscreteInput,2516,CP-03,Cooling loop technical space high cooling temp alarm,Momentary,Alarm,,,,FALSE,,,,,,,
DiscreteInput,2517,CP-04,Cooling loop lazarette high cooling temp alarm,Momentary,Alarm,,,,FALSE,,,,,,,
DiscreteInput,3030,RCMntnc,Indication Maintenance wireless remote enable extern,Maintained,,,,,FALSE,,,,,,,
DiscreteInput,3031,RCHead,Indication Head sail wireless remote enable extern,Maintained,,,,,FALSE,,,,,,,
DiscreteInput,3032,RCMain,Indication Main sail wireless remote enable extern,Maintained,,,,,FALSE,,,,,,,
DiscreteInput,3033,RCMzzn,Indication Mizzen sail wireless remote eneble extern,Maintained,,,,,FALSE,,,,,,,
DiscreteInput,3035,RCDrum,Indication Sail storage Drum wireless remote eneble extern,Maintained,,,,,FALSE,,,,,,,
DiscreteInput,3038,RCAnchr,Indication Anchor wireless remote eneble extern,Maintained,,,,,FALSE,,,,,,,
DiscreteInput,3039,RCCrwsNst,Indication Crows nest wireless remote eneble extern,Maintained,,,,,FALSE,,,,,,,
DiscreteInput,3040,RCSpare1,Indication Spare 1 sail wireless remote enable extern,Maintained,,,,,FALSE,,,,,,,
DiscreteInput,3041,RCSpare2,Indication Spare 2 sail wireless remote enable extern,Maintained,,,,,FALSE,,,,,,,
DiscreteInput,3042,RCSpare3,Indication Spare 3 sail wireless remote enable extern,Maintained,,,,,FALSE,,,,,,,
DiscreteInput,3050,RCAnchr,Fifi pump start request,Pulse,,,,,FALSE,,,,,,,
DiscreteInput,3051,RCAnchr,Fifi pump stop request,Pulse,,,,,FALSE,,,,,,,
DiscreteInput,3130,RCMntnc,Maintenance wireless remote running _ext,Momentary,,,,,FALSE,,,,,,,
DiscreteInput,3131,RCHead,Head sail wireless remote running _ext,Momentary,,,,,FALSE,,,,,,,
DiscreteInput,3132,RCMain,Main sail wireless remote running _ext,Momentary,,,,,FALSE,,,,,,,
DiscreteInput,3133,RCMzzn,Mizzen sail wireless remote running _ext,Momentary,,,,,FALSE,,,,,,,
DiscreteInput,3135,RCDrum,Sail storage Drum wireless remote running _ext,Momentary,,,,,FALSE,,,,,,,
DiscreteInput,3138,RCAnchr,Anchor wireless remote running _ext,Momentary,,,,,FALSE,,,,,,,
DiscreteInput,3139,RCCrwsNst,Crows nest wireless remote running _ext,Momentary,,,,,FALSE,,,,,,,
DiscreteInput,3140,RCSpare1,Spare 1 sail wireless remote running _ext,Momentary,,,,,FALSE,,,,,,,
DiscreteInput,3141,RCSpare2,Spare 2 sail wireless remote running _ext,Momentary,,,,,FALSE,,,,,,,
DiscreteInput,3142,RCSpare3,Spare 3 sail wireless remote running _ext,Momentary,,,,,FALSE,,,,,,,
Coil,1,0.00,Indication Hydraulic fire stop,Momentary,E stop alarm,,,,FALSE,,,,,,,
Coil,10,0.00,Button Hydraulic System enable extern,Pulse,,,,,FALSE,,,,,,,
Coil,12,CL-01,Powerpack 1 Manual Extern,Pulse,,,,,FALSE,,,,,,,
Coil,13,CL-01,Powerpack 1 On/Off Extern,Pulse,,,,,FALSE,,,,,,,
Coil,14,CL-01,Powerpack 1 Auto Extern,Pulse,,,,,FALSE,,,,,,,
Coil,22,CL-02,Powerpack 2 Manual Extern,Pulse,,,,,FALSE,,,,,,,
Coil,23,CL-02,Powerpack 2 On/Off Extern,Pulse,,,,,FALSE,,,,,,,
Coil,24,CL-02,Powerpack 2 Auto Extern,Pulse,,,,,FALSE,,,,,,,
Coil,32,FP-01,Offline filter Manual Extern,Pulse,,,,,FALSE,,,,,,,
Coil,33,FP-01,Offline filter On/Off Extern,Pulse,,,,,FALSE,,,,,,,
Coil,34,FP-01,Offline filter Auto Extern,Pulse,,,,,FALSE,,,,,,,
Coil,70,0.00,SB.01.P02 Dc Energized,Momentary,,,,,FALSE,,,,,,,
Coil,71,0.00,SB.02.P01 Dc Energized,Momentary,,,,,FALSE,,,,,,,
Coil,72,0.00,HDC02 Dc Energized,Momentary,,,,,FALSE,,,,,,,
Coil,73,0.00,HDC03 Dc Energized,Momentary,,,,,FALSE,,,,,,,
Coil,74,0.00,HDC04 Dc Energized,Momentary,,,,,FALSE,,,,,,,
Coil,75,0.00,HDC05 Dc Energized,Momentary,,,,,FALSE,,,,,,,
Coil,76,0.00,HDC06 Dc Energized,Momentary,,,,,FALSE,,,,,,,
Coil,110,1.01,Enable 1.01 HMI Extern Blade Cunningham,Pulse,,,,,FALSE,,,,,,,
Coil,120,1.02,Enable 1.02 HMI Extern Code sail tack,Pulse,,,,,FALSE,,,,,,,
Coil,130,1.03,Enable 1.03 HMI Extern Blade adjuster,Pulse,,,,,FALSE,,,,,,,
Coil,140,1.04,Enable 1.04 HMI Extern Staysail stay adjuster,Pulse,,,,,FALSE,,,,,,,
Coil,210,2.01,Enable 2.01 HMI Extern Main Outhaul,Pulse,,,,,FALSE,,,,,,,
Coil,220,2.02,Enable 2.02 HMI Extern Main Vang,Pulse,,,,,FALSE,,,,,,,
Coil,230,2.03,Enable 2.03 HMI Extern Main checkstay deflector,Pulse,,,,,FALSE,,,,,,,
Coil,240,2.04,Enable 2.04 HMI Extern Main boom preventer,Pulse,,,,,FALSE,,,,,,,
Coil,250,2.05,Enable 2.05 HMI Extern Main Cunningham,Pulse,,,,,FALSE,,,,,,,
Coil,260,2.06,Enable 2.06 HMI Extern Blade tweaker PS,Pulse,,,,,FALSE,,,,,,,
Coil,310,3.01,Enable 3.01 HMI Extern Keel lift cylinders,Pulse,,,,,FALSE,,,,,,,
Coil,311,3.01,Button Keel lift cylinders Up extern,Pulse,,,,,FALSE,,,,,,,
Coil,312,3.01,Button Keel lift cylinders Down extern,Pulse,,,,,FALSE,,,,,,,
Coil,320,3.02,Enable 3.02 HMI Extern Keel lock cylinders,Pulse,,,,,FALSE,,,,,,,
Coil,330,3.03,Enable 3.03 HMI Extern Keel spare,Pulse,,,,,FALSE,,,,,,,
Coil,410,4.01,Enable 4.01 HMI Extern Mizzen headsail furler,Pulse,,,,,FALSE,,,,,,,
Coil,420,4.02,Enable 4.02 HMI Extern Mizzen headsail tack adjuster,Pulse,,,,,FALSE,,,,,,,
Coil,430,4.03,Enable 4.03 HMI Extern Crew boarding platform PS,Pulse,,,,,FALSE,,,,,,,
Coil,431,4.03,Button Crew boarding platform PS Open extern,Pulse,,,,,FALSE,,,,,,,
Coil,432,4.03,Button Crew boarding platform PS Close extern,Pulse,,,,,FALSE,,,,,,,
Coil,440,4.04,Enable 4.04 HMI Extern Crew boarding platform Lock PS,Pulse,,,,,FALSE,,,,,,,
Coil,450,4.05,Enable 4.05 HMI Extern Oil supply guest boarding system (SB),Pulse,,,,,FALSE,,,,,,,
Coil,510,5.01,Enable 5.01 HMI Extern Mizzen Outhaul,Pulse,,,,,FALSE,,,,,,,
Coil,520,5.02,Enable 5.02 HMI Extern Mizzen Vang,Pulse,,,,,FALSE,,,,,,,
Coil,530,5.03,Enable 5.03 HMI Extern Mizzen checkstay deflector,Pulse,,,,,FALSE,,,,,,,
Coil,540,5.04,Enable 5.04 HMI Extern Mizzen Cunningham,Pulse,,,,,FALSE,,,,,,,
Coil,550,5.05,Enable 5.05 HMI Extern Oil supply Passarelle,Pulse,,,,,FALSE,,,,,,,
Coil,560,5.06,Enable 5.06 HMI Extern Mizzen boom preventer,Pulse,,,,,FALSE,,,,,,,
Coil,600,6.00,Enable 6.00 HMI Extern Tender crane,Pulse,,,,,FALSE,,,,,,,
Coil,1110,E1.01,Enable E1.01 HMI Extern Code furler,Pulse,,,,,FALSE,,,,,,,
Coil,1120,E1.02,Enable E1.02 HMI Extern Blade furler,Pulse,,,,,FALSE,,,,,,,
Coil,1130,E1.03,Enable E1.03 HMI Extern Staysail furler,Pulse,,,,,FALSE,,,,,,,
Coil,1140,E1.04,Enable E1.04 HMI Extern Bow deck winch PS,Pulse,,,,,FALSE,,,,,,,
Coil,1150,E1.05,Enable E1.05 HMI Extern Bow deck winch SB,Pulse,,,,,FALSE,,,,,,,
Coil,1160,E1.06,Enable E1.06 HMI Extern Anchor windlass PS,Pulse,,,,,FALSE,,,,,,,
Coil,1170,E1.07,Enable E1.07 HMI Extern Anchor windlass SB,Pulse,,,,,FALSE,,,,,,,
Coil,1180,E1.08,Enable E1.08 HMI Extern Sail drum,Pulse,,,,,FALSE,,,,,,,
Coil,1210,E2.01,Enable E2.01 HMI Extern Blade sheet captive winch PS,Pulse,,,,,FALSE,,,,,,,
Coil,1230,E2.03,Enable E2.03 HMI Extern Staysail sheet captive winch PS,Pulse,,,,,FALSE,,,,,,,
Coil,1250,E2.05,Enable E2.05 HMI Extern Main sheet captive winch,Pulse,,,,,FALSE,,,,,,,
Coil,1270,E2.07,Enable E2.07 HMI Extern Main halyard captive winch,Pulse,,,,,FALSE,,,,,,,
Coil,1280,E2.08,Enable E2.08 HMI Extern Crows nest captive,Pulse,,,,,FALSE,,,,,,,
Coil,1290,E2.09,Enable E2.09 HMI Extern Main mast deck winch PS Fwd,Pulse,,,,,FALSE,,,,,,,
Coil,1310,E3.01,Enable E3.01 HMI Extern Blade sheet captive winch SB,Pulse,,,,,FALSE,,,,,,,
Coil,1330,E3.03,Enable E3.03 HMI Extern Staysail sheet captive winch SB,Pulse,,,,,FALSE,,,,,,,
Coil,1350,E3.05,Enable E3.05 HMI Extern Main mast deck winch SB Fwd,Pulse,,,,,FALSE,,,,,,,
Coil,1360,E3.06,Enable E3.06 HMI Extern Main mast deck winch SB Aft,Pulse,,,,,FALSE,,,,,,,
Coil,1380,E3.08,Enable E3.08 HMI Extern Primary deck winch SB,Pulse,,,,,FALSE,,,,,,,
Coil,1410,E4.01,Enable E4.01 HMI Extern Main runner captive winch PS,Pulse,,,,,FALSE,,,,,,,
Coil,1420,E4.02,Enable E4.02 HMI Extern Mizzen runner captive winch PS,Pulse,,,,,FALSE,,,,,,,
Coil,1440,E4.04,Enable E4.04 HMI Extern Mizzen halyard captive winch,Pulse,,,,,FALSE,,,,,,,
Coil,1450,E4.05,Enable E4.05 HMI Extern Main sheet traveller winch,Pulse,,,,,FALSE,,,,,,,
Coil,1460,E4.06,Enable E4.06 HMI Extern Pop-up capstan PS,Pulse,,,,,FALSE,,,,,,,
Coil,1470,E4.07,Enable E4.07 HMI Extern Mizzen mast deck winch PS,Pulse,,,,,FALSE,,,,,,,
Coil,1480,E4.08,Enable E4.08 HMI Extern Aft deck deck winch PS,Pulse,,,,,FALSE,,,,,,,
Coil,1510,E5.01,Enable E5.01 HMI Extern Main runner captive winch SB,Pulse,,,,,FALSE,,,,,,,
Coil,1520,E5.02,Enable E5.02 HMI Extern Mizzen runner captive winch SB,Pulse,,,,,FALSE,,,,,,,
Coil,1540,E5.04,Enable E5.04 HMI Extern Mizzen sheet captive winch,Pulse,,,,,FALSE,,,,,,,
Coil,1560,E5.06,Enable E5.06 HMI Extern Pop-up capstan SB,Pulse,,,,,FALSE,,,,,,,
Coil,1570,E5.07,Enable E5.07 HMI Extern Mizzen mast deck winch SB,Pulse,,,,,FALSE,,,,,,,
Coil,1580,E5.08,Enable E5.08 HMI Extern Aft deck deck winch SB,Pulse,,,,,FALSE,,,,,,,
Coil,2100,E2.10,Enable E2.10 HMI Extern Main mast deck winch PS Aft,Pulse,,,,,FALSE,,,,,,,
Coil,2120,E2.12,Enable E2.12 HMI Extern Primary deck winch PS,Pulse,,,,,FALSE,,,,,,,
Coil,3030,RCMntnc,Button Maintenance wireless remote enable extern,Pulse,,,,,FALSE,,,,,,,
Coil,3031,RCHead,Button Head sail wireless remote enable extern,Pulse,,,,,FALSE,,,,,,,
Coil,3032,RCMain,Button Main sail wireless remote enable extern,Pulse,,,,,FALSE,,,,,,,
Coil,3033,RCMzzn,Button Mizzen sail wireless remote eneble extern,Pulse,,,,,FALSE,,,,,,,
Coil,3035,RCDrum,Button Sail storage Drum wireless remote eneble extern,Pulse,,,,,FALSE,,,,,,,
Coil,3038,RCAnchr,Button Anchor wireless remote eneble extern,Pulse,,,,,FALSE,,,,,,,
Coil,3039,RCCrwsNst,Button Crows nest wireless remote eneble extern,Pulse,,,,,FALSE,,,,,,,
Coil,3040,RCSpare1,Button Spare 1 sail wireless remote enable extern,Pulse,,,,,FALSE,,,,,,,
Coil,3041,RCSpare2,Button Spare 2 sail wireless remote enable extern,Pulse,,,,,FALSE,,,,,,,
Coil,3042,RCSpare3,Button Spare 3 sail wireless remote enable extern,Pulse,,,,,FALSE,,,,,,,
Coil,3050,RCAnchr,Fifi pump running,Maintained,,,,,FALSE,,,,,,,
InputReg,11,10.00,Powerpack 1 running hours,hours,,,,,FALSE,,,,,,,
InputReg,12,10.00,Powerpack 1 Igbt Temperatuur,⁰C,,,,,FALSE,,,,,,,
InputReg,13,PT-PP1,Pressure sensor Powerpack 1 Extern,Bar,,,,,FALSE,,,,,,,
InputReg,14,FT-PP1,Flow sensor Powerpack 1 Extern,Bar,,,,,FALSE,,,,,,,
InputReg,21,20.00,Powerpack 2 running hours,hours,,,,,FALSE,,,,,,,
InputReg,22,20.00,Powerpack 2 Igbt Temperatuur,⁰C,,,,,FALSE,,,,,,,
InputReg,23,PT-PP2,Pressure sensor Powerpack 2 Extern,Bar,,,,,FALSE,,,,,,,
InputReg,24,FT-PP2,Flow sensor Powerpack 2 Extern,Bar,,,,,FALSE,,,,,,,
InputReg,31,FP-01,Offline filter running hours,hours,,,,,FALSE,,,,,,,
InputReg,43,LEVEL,Tank level sensor,Liters,,,,,FALSE,,,,,,,
InputReg,44,TEMP,Tank Temperatur sensor Extern,⁰C,,,,,FALSE,,,,,,,
InputReg,51,PT-01,Pressure sensor valve block 1 Extern,Bar,,,,,FALSE,,,,,,,
InputReg,52,PT-02,Pressure sensor valve block 2 Extern,Bar,,,,,FALSE,,,,,,,
InputReg,53,PT-03,Pressure sensor valve block 3 Extern,Bar,,,,,FALSE,,,,,,,
InputReg,54,PT-04,Pressure sensor valve block 4 Extern,Bar,,,,,FALSE,,,,,,,
InputReg,55,PT-05,Pressure sensor valve block 5 Extern,Bar,,,,,FALSE,,,,,,,
InputReg,56,PT-06,Pressure sensor valve block 6 Extern,Bar,,,,,FALSE,,,,,,,
InputReg,57,PT-Aft,Pressure sensor Aft system Extern,Bar,,,,,FALSE,,,,,,,
InputReg,58,PT-Fwd,Pressure sensor Fwd system Extern,Bar,,,,,FALSE,,,,,,,
InputReg,59,PT-R,Pressure sensor Retour Extern,Bar,,,,,FALSE,,,,,,,
InputReg,61,CP-01,Cooling loop temperature fore peak Extern,⁰C,,,,,FALSE,,,,,,,
InputReg,62,CP-02,Cooling loop temperature halyard pit Extern,⁰C,,,,,FALSE,,,,,,,
InputReg,63,CP-03,Cooling loop temperature technical space Extern,⁰C,,,,,FALSE,,,,,,,
InputReg,64,CP-04,Cooling loop temperature lazarette Extern,⁰C,,,,,FALSE,,,,,,,
InputReg,104,SJ-LC,Storm Sail Furler Actual Load,10Kg,,Storm Jib Tack Load,SJ Tack,t,TRUE,0.01,1 dp,SJ Tack t,9,Other,1,
InputReg,116,1.01-Pos,Blade Cunningham Average Position millimeter,mm,,,,,FALSE,,,,,,,
InputReg,117,1.01-Pos,Blade Cunningham Average Position Permille,‰,,Blade Cunningham Position,B Cunn,%,TRUE,0.1,int,B Cunn %,8,Other,2,
InputReg,118,1.01-LC,Blade Cunningham Actual Load,10Kg,,Blade Cunningham Load,B Cunn,t,TRUE,0.01,1 dp,B Cunn t,8,Other,3,
InputReg,126,1.02-Pos,Code sail tack Average Position millimeter,mm,,,,,FALSE,,,,,,,
InputReg,127,1.02-Pos,Code sail tack Average Position Permille,‰,,Code 0 Tack Position,C0 Tack,%,TRUE,0.1,int,C0 Tack %,9,Other,4,
InputReg,128,1.02-LC,Code sail tack Actual Load,10Kg,,Code 0 Tack Load,C0 Tack,t,TRUE,0.01,1 dp,C0 Tack t,9,Other,5,
InputReg,136,1.03-Pos,Blade adjuster Actual Position millimeter,mm,,,,,FALSE,,,,,,,
InputReg,137,1.03-Pos,Blade adjuster Actual Position Permille,‰,,Blade RTA Position,B RTA,%,TRUE,0.1,int,B RTA %,7,Other,6,
InputReg,138,1.03-LC,Blade adjuster Actual Load,10Kg,,Blade RTA Load,B RTA,t,TRUE,0.01,1 dp,B RTA t,7,Other,7,This is Headstay (just note for A+T)
InputReg,146,1.04-Pos,Staysail stay adjuster Actual Position millimeter,mm,Sensor not installed address reservation for future use.,,,,FALSE,,,,,,,
InputReg,147,1.04-Pos,Staysail stay adjuster Actual Position Permille,‰,Sensor not installed address reservation for future use.,Staysail RTA Position,SS RTA,%,FALSE,0.1,int,SS RTA %,8,,,
InputReg,148,1.04-LC,Staysail stay adjuster Actual Load,10Kg,,Staysail RTA Load,SS RTA,t,TRUE,0.01,1 dp,SS RTA t,8,Other,8,
InputReg,216,2.01-Pos,Main Outhaul Actual Position millimeter,mm,,,,,FALSE,,,,,,,
InputReg,217,2.01-Pos,Main Outhaul Actual Position Permille,‰,,Main Outhaul Position,MN Out,%,TRUE,0.1,int,MN Out %,8,Main,9,
InputReg,218,2.01-LC,Main Outhaul Actual Load,10Kg,,Main Outhaul Load,MN Out,t,TRUE,0.01,1 dp,MN Out t,8,Main,10,
InputReg,219,2.01-LC,Main Outhaul Actual Load in boom,10Kg,,Main Outhaul Load,MN Out,t,FALSE,,,,,,,
InputReg,226,2.02-Pos,Main Vang Actual Position millimeter,mm,,,,,FALSE,,,,,,,
InputReg,227,2.02-Pos,Main Vang Actual Position Permille,‰,,Main Vang Position,MN Vang,%,TRUE,0.1,int,MN Vang %,9,Main,203,
InputReg,228,2.02-LC,Main Vang Actual Load bottom,10Kg,,Main Vang Bottom Load,MN Vang Bottom,t,TRUE,0.01,1 dp,MN Vang Bottom t,16,Main,204,
InputReg,229,2.02-LC,Main Vang Actual Load 2 rod,10Kg,,Main Vang Rod Load,MN Vang Rod,t,TRUE,0.01,1 dp,MN Vang Rod t,13,Main,206,
InputReg,231,2.03-LC,Main runner stay load,10Kg,2 x Main Runner Tail Load Pin load – (Main Check Stay Load Cell x cos(10)),,,,,,,,,,,
InputReg,232,2.03-LC,Main runner block load,10Kg,2 x Main Runner Tail Dead-end Load Pin load,,,,,,,,,,,
InputReg,234,2.03-LC,Main Checkstay Ps Actual Load,10Kg,,Main Checkstay PT Load,MN Chk PT,t,TRUE,0.01,1 dp,MN Chk PT t,11,Main,32,
InputReg,235,2.03-LC,Main Checkstay Sb Actual Load,10Kg,,Main Checkstay SB Load,MN Chk SB,t,TRUE,0.01,1 dp,MN Chk SB t,11,Main,33,
InputReg,236,2.03-Pos,Main checkstay deflector Actual Position millimeter,mm,,,,,FALSE,,,,,,,
InputReg,237,2.03-Pos,Main checkstay deflector Actual Position Permille,‰,,Main Deflector Position,MN Defl,%,TRUE,0.1,int,MN Defl %,9,Main,34,
InputReg,238,2.03-LC,Main checkstay deflector Actual Load,10Kg,,Main Deflector Load,MN Defl,t,TRUE,0.01,1 dp,MN Defl t,9,Main,35,
InputReg,246,2.04-Pos,Main boom preventer Actual Position millimeter,mm,,,,,FALSE,,,,,,,
InputReg,247,2.04-Pos,Main boom preventer Actual Position Permille,‰,,Main Preventer Position,MN Prev,%,TRUE,0.1,int,MN Prev %,9,Main,36,
InputReg,248,2.04-LC,Main boom preventer Actual Load,10Kg,,,,,FALSE,0.01,1 dp,MN Prev t,9,,,
InputReg,256,2.05-Pos,Main Cunningham Actual Position millimeter,mm,,,,,FALSE,,,,,,,
InputReg,257,2.05-Pos,Main Cunningham Actual Position Permille,‰,,Main Cunningham Position,MN Cunn,%,TRUE,0.1,int,MN Cunn %,9,Main,46,
InputReg,258,2.05-LC,Main Cunningham Actual Load,10Kg,,Main Cunningham Load,MN Cunn,t,TRUE,0.01,1 dp,MN Cunn t,9,Main,47,
InputReg,266,2.06-Pos,Blade tweaker PS Actual Position millimeter,mm,,,,,FALSE,,,,,,,
InputReg,267,2.06-Pos,Blade tweaker PS Actual Position Permille,‰,,Blade Tweaker PT Position,B Twkr PT,%,TRUE,0.1,int,B Twkr PT %,11,Other,48,
InputReg,268,2.06-LC,Blade tweaker PS Actual Load,10Kg,,Blade Tweaker PT Load,B Twkr PT,t,TRUE,0.01,1 dp,B Twkr PT t,11,Other,49,
InputReg,276,2.07-Pos,Blade tweaker SB Actual Position millimeter,mm,,,,,FALSE,,,,,,,
InputReg,277,2.07-Pos,Blade tweaker SB Actual Position Permille,‰,,Blade Tweaker SB Position,B Twkr SB,%,TRUE,0.1,int,B Twkr SB %,11,Other,67,
InputReg,278,2.07-LC,Blade tweaker SB Actual Load,10Kg,,Blade Tweaker SB Load,B Twkr SB,t,TRUE,0.01,1 dp,B Twkr SB t,11,Other,69,
InputReg,316,3.01-Pos,Keel lift cylinders Actual Position millimeter,mm,,,,,FALSE,,,,,,,
InputReg,317,3.01-Pos,Keel lift cylinders Actual Position Permille,‰,,,,,FALSE,,,,,,,
InputReg,426,4.02-Pos,Mizzen headsail tack adjuster Actual Position millimeter,mm,,,,,FALSE,,,,,,,
InputReg,427,4.02-Pos,Mizzen headsail tack adjuster Actual Position Permille,‰,,Mizzen Headsail Tack Position,MZHS Tack,%,TRUE,0.1,int,MZHS Tack %,11,Mizzen,75,
InputReg,428,4.02-LC,Mizzen headsail tack adjuster Actual Load,10Kg,,Mizzen Headsail Tack Load,MZHS Tack,t,TRUE,0.01,1 dp,MZHS Tack t,11,Mizzen,76,
InputReg,516,5.01-Pos,Mizzen Outhaul Actual Position millimeter,mm,,,,,FALSE,,,,,,,
InputReg,517,5.01-Pos,Mizzen Outhaul Actual Position Permille,‰,,Mizzen Outhaul Position,MZ Outhaul,%,TRUE,0.1,int,MZ Outhaul %,12,Mizzen,80,
InputReg,518,5.01-LC,Mizzen Outhaul Actual Load,10Kg,,Mizzen Outhaul,MZ Outhaul,t,TRUE,0.01,1 dp,MZ Outhaul t,12,Mizzen,84,
InputReg,519,5.01-LC,Mizzen Outhaul Actual Load in boom,10Kg,,Mizzen Outhaul,MZ Outhaul,t,FALSE,,,,,,,
InputReg,526,5.02-Pos,Mizzen Vang Actual Position millimeter,mm,,,,,FALSE,,,,,,,
InputReg,527,5.02-Pos,Mizzen Vang Actual Position Permille,‰,,Mizzen Vang Position,MZ Vang,%,TRUE,0.1,int,MZ Vang %,9,Mizzen,91,
InputReg,528,5.02-LC,Mizzen Vang Actual Load bottom,10Kg,,Mizzen Vang Bottom Load,MZ Vang Bottom,t,TRUE,0.01,1 dp,MZ Vang Bottom t,16,Mizzen,92,
InputReg,529,5.02-LC,Mizzen Vang Actual Load 2 rod,10Kg,,Mizzen Vang Rod Load,MZ Vang Rod,t,TRUE,0.01,1 dp,MZ Vang Rod t,13,Mizzen,93,
InputReg,531,5.03-LC,Mizzen runner stay load,10Kg,2 x Mizzen Runner Tail Load Pin load x cos(17) – (Mizzen Check Stay Load Cell x cos(8)),,,,TRUE,,,,,,,
InputReg,532,5.03-LC,Mizzen runner block load,10Kg,2 x Mizzen Runner Tail Dead-end Load Pin load x cos(17) x 2,,,,TRUE,,,,,,,
InputReg,534,5.03-LC,Mizzen Checkstay Ps Actual Load,10Kg,,Mizzen Checkstay PT Load,MZ Chk PT,t,TRUE,0.01,1 dp,MZ Chk PT t,11,Mizzen,96,
InputReg,535,5.03-LC,Mizzen Checkstay Sb Actual Load,10Kg,,Mizzen Checkstay SB Load,MZ Chk SB,t,TRUE,0.01,1 dp,MZ Chk SB t,11,Mizzen,97,
InputReg,536,5.03-Pos,Mizzen checkstay deflector Actual Position millimeter,mm,,,,,FALSE,,,,,,,
InputReg,537,5.03-Pos,Mizzen checkstay deflector Actual Position Permille,‰,,Mizzen Deflector Position,MZ Defl,%,TRUE,0.1,int,MZ Defl %,9,Mizzen,94,
InputReg,538,5.03-LC,Mizzen checkstay deflector Actual Load,10Kg,,Mizzen Deflector Load,MZ Defl,t,TRUE,0.01,1 dp,MZ Defl t,9,Mizzen,95,
InputReg,546,5.04-Pos,Mizzen Cunningham Actual Position millimeter,mm,,,,,FALSE,,,,,,,
InputReg,547,5.04-Pos,Mizzen Cunningham Actual Position Permille,‰,,Mizzen Cunningham Position,MZ Cunn,%,TRUE,0.1,int,MZ Cunn %,9,Mizzen,98,
InputReg,548,5.04-LC,Mizzen Cunningham Actual Load,10Kg,,Mizzen Cunningham Load,MZ Cunn,t,TRUE,0.01,1 dp,MZ Cunn t,9,Mizzen,99,
InputReg,566,5.06-Pos,Mizzen boom preventer Actual Position millimeter,mm,,,,,FALSE,,,,,,,
InputReg,567,5.06-Pos,Mizzen boom preventer Actual Position Permille,‰,,Mizzen Preventer Position,MZ Prev,%,TRUE,0.1,int,MZ Prev %,9,Mizzen,107,
InputReg,568,5.06-LC,Mizzen boom preventer Actual Load,10Kg,,,,,FALSE,0.01,1 dp,MZ Prev t,9,,,
InputReg,1113,E1.01,Code furler Alarm Code,Bit's,Alarm-code,,,,FALSE,,,,,,,
InputReg,1123,E1.02,Blade furler Alarm Code,Bit's,Alarm-code,,,,FALSE,,,,,,,
InputReg,1133,E1.03,Staysail furler Alarm Code,Bit's,Alarm-code,,,,FALSE,,,,,,,
InputReg,1143,E1.04,Bow deck winch PS Alarm Code,Bit's,Alarm-code,,,,FALSE,,,,,,,
InputReg,1153,E1.05,Bow deck winch SB Alarm Code,Bit's,Alarm-code,,,,FALSE,,,,,,,
InputReg,1163,E1.06,Anchor windlass PS Alarm Code,Bit's,Alarm-code,,,,FALSE,,,,,,,
InputReg,1164,E1.06-CC,Anchor windlass PS Chain counter Chain length extern,m,,Anchor Chain PT,Chain PT,m,TRUE,1,int,Chain PT m,10,Other,114,
InputReg,1173,E1.07,Anchor windlass SB Alarm Code,Bit's,Alarm-code,,,,FALSE,,,,,,,
InputReg,1174,E1.07-CC,Anchor windlass SB Chain counter Chain length extern,m,,Anchor Chain SB,Chain SB,m,TRUE,1,int,Chain SB m,10,Other,115,
InputReg,1213,E2.01,Blade sheet captive winch PS Alarm Code,Bit's,Alarm-code,,,,FALSE,,,,,,,
InputReg,1216,E2.01-Pos,Blade sheet captive winch PS Actual Line length centimeter,mm,,,,,FALSE,,,,,,,
InputReg,1217,E2.01-Pos,Blade sheet captive winch PS Actual Position Permille,‰,,Blade Sheet PT Position,B Sheet PT,%,TRUE,0.1,int,B Sheet PT %,12,Other,120,Confirm Title
InputReg,1223,E2.02,Blade sheet ps feeder Alarm Code,Bit's,Alarm-code,,,,FALSE,,,,,,,
InputReg,1228,E2.02-LC,Blade sheet ps feeder Actual Load,10Kg,,Blade Sheet PT Load,B Sheet PT,t,TRUE,0.01,1 dp,B Sheet PT t,12,Other,121,
InputReg,1233,E2.03,Staysail sheet captive winch PS Alarm Code,Bit's,Alarm-code,,,,FALSE,,,,,,,
InputReg,1236,E2.03-Pos,Staysail sheet captive winch PS Actual Line length centimeter,mm,,,,,FALSE,,,,,,,
InputReg,1237,E2.03-Pos,Staysail sheet captive winch PS Actual Position Permille,‰,,Staysail Sheet Position,SS Sheet PT,%,TRUE,0.1,int,SS Sheet PT %,13,Other,122,
InputReg,1243,E2.04,Staysail sheet ps feeder Alarm Code,Bit's,Alarm-code,,,,FALSE,,,,,,,
InputReg,1248,E2.04-LC,Staysail sheet ps feeder Actual Load,10Kg,,Staysail Sheet PT Load,SS Sheet PT,t,TRUE,0.01,1 dp,SS Sheet PT t,13,Other,123,
InputReg,1253,E2.05,Main sheet captive winch Alarm Code,Bit's,Alarm-code,,,,FALSE,,,,,,,
InputReg,1256,E2.05-Pos,Main sheet captive winch Actual Line length centimeter,mm,,,,,FALSE,,,,,,,
InputReg,1257,E2.05-Pos,Main sheet captive winch Actual Position Permille,‰,,Main Sheet Position,MN Sheet,%,TRUE,0.1,int,MN Sheet %,10,Main,62,
InputReg,1258,E2.05-LC,Main sheet captive winch Actual Load,10Kg,,Main Sheet Load,MN Sheet,t,TRUE,0.01,1 dp,MN Sheet t,10,Main,63,
InputReg,1263,E2.06,Main sheet feeder Alarm Code,Bit's,Alarm-code,,,,FALSE,,,,,,,
InputReg,1273,E2.07,Main halyard captive winch Alarm Code,Bit's,Alarm-code,,,,FALSE,,,,,,,
InputReg,1276,E2.07-Pos,Main halyard captive winch Actual Line length centimeter,mm,,,,,FALSE,,,,,,,
InputReg,1277,E2.07-Pos,Main halyard captive winch Actual Position Permille,‰,,Main Halyard Position,MN Haly,%,TRUE,0.1,int,MN Haly %,9,Main,136,
InputReg,1278,E2.07-LC,Main halyard captive winch Actual Load,10Kg,,Main Halyard Load,MN Haly,t,TRUE,0.01,1 dp,MN Haly t,9,Main,137,
InputReg,1283,E2.08,Crows nest captive Alarm Code,Bit's,Alarm-code,,,,FALSE,,,,,,,
InputReg,1286,E2.08-Pos,Crows nest captive Actual Line length centimeter,mm,,,,,FALSE,,,,,,,
InputReg,1287,E2.08-Pos,Crows nest captive Actual Position Permille,‰,,,,,FALSE,,,,,,,
InputReg,1293,E2.09,Main mast deck winch PS Fwd Alarm Code,Bit's,Alarm-code,,,,FALSE,,,,,,,
InputReg,1313,E3.01,Blade sheet captive winch SB Alarm Code,Bit's,Alarm-code,,,,FALSE,,,,,,,
InputReg,1316,E3.01-Pos,Blade sheet captive winch SB Actual Line length centimeter,mm,,,,,FALSE,,,,,,,
InputReg,1317,E3.01-Pos,Blade sheet captive winch SB Actual Position Permille,‰,,Blade Sheet SB Position,B Sheet SB,%,TRUE,0.1,int,B Sheet SB %,12,Other,138,
InputReg,1323,E3.02,Blade sheet sb feeder Alarm Code,Bit's,Alarm-code,,,,FALSE,,,,,,,
InputReg,1328,E3.02-LC,Blade sheet sb feeder Actual Load,10Kg,,Blade Sheet SB Load,B Sheet SB,t,TRUE,0.01,1 dp,B Sheet SB t,12,Other,139,
InputReg,1333,E3.03,Staysail sheet captive winch SB Alarm Code,Bit's,Alarm-code,,,,FALSE,,,,,,,
InputReg,1336,E3.03-Pos,Staysail sheet captive winch SB Actual Line length centimeter,mm,,,,,FALSE,,,,,,,
InputReg,1337,E3.03-Pos,Staysail sheet captive winch SB Actual Position Permille,‰,,Staysail Sheet SB Position,SS Sheet SB,%,TRUE,0.1,int,SS Sheet SB %,13,Other,140,
InputReg,1343,E3.04,Staysail sheet sb feeder Alarm Code,Bit's,Alarm-code,,,,FALSE,,,,,,,
InputReg,1348,E3.04-LC,Staysail sheet sb feeder Actual Load,10Kg,,Staysail Sheet SB Load,SS Sheet SB,t,TRUE,0.01,1 dp,SS Sheet SB t,13,Other,142,
InputReg,1353,E3.05,Main mast deck winch SB Fwd Alarm Code,Bit's,Alarm-code,,,,FALSE,,,,,,,
InputReg,1363,E3.06,Main mast deck winch SB Aft Alarm Code,Bit's,Alarm-code,,,,FALSE,,,,,,,
InputReg,1383,E3.08,Primary deck winch SB Alarm Code,Bit's,Alarm-code,,,,FALSE,,,,,,,
InputReg,1388,E3.08-LC,Primary deck winch SB Actual Load,10Kg,,Primary Winch SB Load,Pri Winch SB,t,TRUE,0.01,1 dp,Pri Winch SB t,14,Other,128,
InputReg,1413,E4.01,Main runner captive winch PS Alarm Code,Bit's,Alarm-code,,,,FALSE,,,,,,,
InputReg,1416,E4.01-Pos,Main runner captive winch PS Actual Line length centimeter,mm,,,,,FALSE,,,,,,,
InputReg,1417,E4.01-Pos,Main runner captive winch PS Actual Position Permille,‰,,Main Runner PT Position,MN Runner PT,%,TRUE,0.1,int,MN Runner PT %,14,Main,143,
InputReg,1418,E4.01-LC,Main runner PS Actual Load,10Kg,,Main Runner PT Load,MN Runner PT,t,TRUE,0.01,1 dp,MN Runner PT t,14,Main,144,
InputReg,1423,E4.02,Mizzen runner captive winch PS Alarm Code,Bit's,Alarm-code,,,,FALSE,,,,,,,
InputReg,1426,E4.02-Pos,Mizzen runner captive winch PS Actual Line length centimeter,mm,,,,,FALSE,,,,,,,
InputReg,1427,E4.02-Pos,Mizzen runner captive winch PS Actual Position Permille,‰,,Mizzen Runner PT Position,MZ Runner PT,%,TRUE,0.1,int,MZ Runner PT %,14,Mizzen,145,
InputReg,1428,E4.02-LC,Mizzen runner PS Actual Load,10Kg,,Mizzen Runner PT Load,MZ Runner PT,t,TRUE,0.01,1 dp,MZ Runner PT t,14,Mizzen,146,
InputReg,1443,E4.04,Mizzen halyard captive winch Alarm Code,Bit's,Alarm-code,,,,FALSE,,,,,,,
InputReg,1446,E4.04-Pos,Mizzen halyard captive winch Actual Line length centimeter,mm,,,,,FALSE,,,,,,,
InputReg,1447,E4.04-Pos,Mizzen halyard captive winch Actual Position Permille,‰,,Mizzen Halyard Position,MZ Haly,%,TRUE,0.1,int,MZ Haly %,9,Mizzen,147,
InputReg,1448,E4.04-LC,Mizzen halyard captive winch Actual Load,10Kg,,Mizzen Halyard Load,MZ Haly,t,TRUE,0.01,1 dp,MZ Haly t,9,Mizzen,148,
InputReg,1453,E4.05,Main sheet traveller winch Alarm Code,Bit's,Alarm-code,,,,FALSE,,,,,,,
InputReg,1456,E4.05-Pos,Main sheet traveller winch Actual Position millimeter,mm,,,,,FALSE,,,,,,,
InputReg,1457,E4.05-Pos,Main sheet traveller winch Actual Position Permille,‰,,Main Traveller Position,MN Trav,%,TRUE,0.1,int,MN Trav %,9,Main,149,Confirmed disp as xxxP  and xxxS 
InputReg,1463,E4.06,Pop-up capstan PS Alarm Code,Bit's,Alarm-code,,,,FALSE,,,,,,,
InputReg,1473,E4.07,Mizzen mast deck winch PS Alarm Code,Bit's,Alarm-code,,,,FALSE,,,,,,,
InputReg,1483,E4.08,Aft deck deck winch PS Alarm Code,Bit's,Alarm-code,,,,FALSE,,,,,,,
InputReg,1488,E4.08-LC,Aft deck deck winch PS Actual Load,10Kg,,Aft Winch PT Load,Aft Winch PT,t,TRUE,0.01,1 dp,Aft Winch PT t,14,Other,71,
InputReg,1513,E5.01,Main runner captive winch SB Alarm Code,Bit's,Alarm-code,,,,FALSE,,,,,,,
InputReg,1516,E5.01-Pos,Main runner captive winch SB Actual Line length centimeter,mm,,,,,FALSE,,,,,,,
InputReg,1517,E5.01-Pos,Main runner captive winch SB Actual Position Permille,‰,,Main Runner SB Position,MN Runner SB,%,TRUE,0.1,int,MN Runner SB %,14,Main,151,
InputReg,1518,E5.01-LC,Main runner SB Actual Load,10Kg,,Main Runner SB Load,MN Runner SB,t,TRUE,0.01,1 dp,MN Runner SB t,14,Main,152,
InputReg,1523,E5.02,Mizzen runner captive winch SB Alarm Code,Bit's,Alarm-code,,,,FALSE,,,,,,,
InputReg,1526,E5.02-Pos,Mizzen runner captive winch SB Actual Line length centimeter,mm,,,,,FALSE,,,,,,,
InputReg,1527,E5.02-Pos,Mizzen runner captive winch SB Actual Position Permille,‰,,Mizzen Runner SB Position,MZ Runner SB,%,TRUE,0.1,int,MZ Runner SB %,14,Mizzen,153,
InputReg,1528,E5.02-LC,Mizzen runner SB Actual Load,10Kg,,Mizzen Runner SB Load,MZ Runner SB,t,TRUE,0.01,1 dp,MZ Runner SB t,14,Mizzen,159,
InputReg,1543,E5.04,Mizzen sheet captive winch Alarm Code,Bit's,Alarm-code,,,,FALSE,,,,,,,
InputReg,1546,E5.04-Pos,Mizzen sheet captive winch Actual Line length centimeter,mm,,,,,FALSE,,,,,,,
InputReg,1547,E5.04-Pos,Mizzen sheet captive winch Actual Position Permille,‰,,Mizzen Sheet Position,MZ Sheet,%,TRUE,0.1,int,MZ Sheet %,10,Mizzen,160,
InputReg,1548,E5.04-LC,Mizzen sheet captive winch Actual Load,10Kg,,Mizzen Sheet Load,MZ Sheet,t,TRUE,0.01,1 dp,MZ Sheet t,10,Mizzen,161,
InputReg,1553,E5.05,Mizzen sheet feeder Alarm Code,Bit's,Alarm-code,,,,FALSE,,,,,,,
InputReg,1563,E5.06,Pop-up capstan SB Alarm Code,Bit's,Alarm-code,,,,FALSE,,,,,,,
InputReg,1573,E5.07,Mizzen mast deck winch SB Alarm Code,Bit's,Alarm-code,,,,FALSE,,,,,,,
InputReg,1583,E5.08,Aft deck deck winch SB Alarm Code,Bit's,Alarm-code,,,,FALSE,,,,,,,
InputReg,1588,E5.08-LC,Aft deck deck winch SB Actual Load,10Kg,,Aft Winch SB Load,Aft Winch SB,t,TRUE,0.01,1 dp,Aft Winch SB t,14,Other,162,
InputReg,2103,E2.10,Main mast deck winch PS Aft Alarm Code,Bit's,Alarm-code,,,,FALSE,,,,,,,
InputReg,2123,E2.12,Primary deck winch PS Alarm Code,Bit's,Alarm-code,,,,FALSE,,,,,,,
InputReg,2128,E2.12-LC,Primary deck winch PS Actual Load,10Kg,,Primary Winch PT Load,Pri Winch PT,t,TRUE,0.01,1 dp,Pri Winch PT t,14,Other,164,
InputReg,2401,2.02-LC,Main Vang loadpin,10Kg,,Main Vang Load,MN Vang,t,TRUE,0.01,1 dp,MN Vang t,9,Main,165,
InputReg,2402,2.04-LC,Main boom preventer actual load loadpin in boom,10Kg,,Main Preventer Load,MN Prev,t,TRUE,0.01,1 dp,MN Prev t,9,Main,37,"Duplicated - see row  452 [BP: InputReg 248 is calculated form the pressure sensor on the valve block, this line is the loadcell in the boom]"
InputReg,2403,mast,Main mast load shim,10Kg,,,,,TRUE,,,,,,,
InputReg,2431,5.02-LC,Mizzen Vang loadpin,10Kg,,Mizzen Vang Load,MZ Vang,t,TRUE,0.01,1 dp,MZ Vang t,9,Mizzen,167,
InputReg,2432,5.06-LC,Mizzen boom preventer actual load loadpin in boom,10Kg,,Mizzen Preventer Load,MZ Prev,t,TRUE,0.01,1 dp,MZ Prev t,9,Mizzen,108,"Duplicated - see row  486 - also Stevo note [BP: InputReg 568 is calculated form the pressure sensor on the valve block, this line is the loadcell in the boom]"
InputReg,2433,mast,Mizzen mast load shim,10Kg,,,,,TRUE,,,,,,,
InputReg,2501,0.00,Isolated DC FPK earth fault measurement,Ω,,,,,FALSE,,,,,,,
InputReg,2502,0.00,Isolated DC MAIN earth fault measurement,Ω,,,,,FALSE,,,,,,,
InputReg,2503,0.00,Isolated DC HYP earth fault measurement,Ω,,,,,FALSE,,,,,,,
InputReg,2504,0.00,Isolated DC LAZ earth fault measurement,Ω,,,,,FALSE,,,,,,,
HoldingReg,3050,RCAnchr,Depth,m,,,,,FALSE,,,,,,,