Loads app technical name,Type,Modbus adress
aft-winch-ps-load,InputReg,1488
aft-winch-sb-load,InputReg,1588
blade-adjuster-load,InputReg,138
blade-adjuster-relative-position,InputReg,137
blade-cunningham-load,InputReg,118
blade-cunningham-relative-position,InputReg,117
blade-sheet-ps-load,InputReg,1228
blade-sheet-sb-load,InputReg,1328
blade-tweaker-ps-load,InputReg,268
blade-tweaker-ps-relative-position,InputReg,267
blade-tweaker-sb-load,InputReg,278
blade-tweaker-sb-relative-position,InputReg,277
code-zero-tack-load,InputReg,128
code-zero-tack-relative-position,InputReg,127
main-checkstay-deflector-load,InputReg,238
main-checkstay-deflector-relative-position,InputReg,237
main-checkstay-ps-load,InputReg,234
main-checkstay-sb-load,InputReg,235
main-cunningham-load,InputReg,258
main-cunningham-relative-position,InputReg,257
main-halyard-load,InputReg,1278
main-outhaul-load,InputReg,219
main-outhaul-relative-position,InputReg,217
main-preventer-load,InputReg,2402
main-preventer-relative-position,InputReg,247
main-runner-tail-ps-load,InputReg,1418
main-runner-tail-sb-load,InputReg,1518
main-sheet-load,InputReg,1258
main-traveller-relative-position,InputReg,1457
main-vang-load,InputReg,2401
main-vang-relative-position,InputReg,227
mizzen-checkstay-deflector-load,InputReg,538
mizzen-checkstay-deflector-relative-position,InputReg,537
mizzen-checkstay-ps-load,InputReg,534
mizzen-checkstay-sb-load,InputReg,535
mizzen-cunningham-load,InputReg,548
mizzen-cunningham-relative-position,InputReg,547
mizzen-halyard-load,InputReg,1448
mizzen-headsail-tack-adjuster-load,InputReg,428
mizzen-headsail-tack-adjuster-relative-position,InputReg,427
mizzen-outhaul-load,InputReg,519
mizzen-outhaul-relative-position,InputReg,517
mizzen-preventer-load,InputReg,2432
mizzen-preventer-relative-position,InputReg,567
mizzen-runner-tail-ps-load,InputReg,1428
mizzen-runner-tail-sb-load,InputReg,1528
mizzen-sheet-load,InputReg,1548
mizzen-vang-load,InputReg,2431
mizzen-vang-relative-position,InputReg,527
primary-winch-ps-load,InputReg,2128
primary-winch-sb-load,InputReg,1388
staysail-sheet-ps-load,InputReg,1248
staysail-sheet-sb-load,InputReg,1348
staysail-stay-adjuster-load,InputReg,148
staysail-stay-adjuster-relative-position,InputReg,147
storm-jib-tack-load,InputReg,104
