Technical name (Loads app),value,Calculation ID,result column label,tws,twa
fiber-optic-mizzen-v1-sb,98147,LC1-2_ B_FM_FMZ_TWA45_TWS14_RM22_20250306,Load (N) - After FSIC,14.0,-42.8
fiber-optic-mizzen-v1-ps,339951,LC1-2_ B_FM_FMZ_TWA45_TWS14_RM22_20250306,Load (N) - After FSIC,14.0,-42.8
fiber-optic-mizzen-d1-sb,3674,LC1-2_ B_FM_FMZ_TWA45_TWS14_RM22_20250306,Load (N) - After FSIC,14.0,-42.8
fiber-optic-mizzen-d1-ps,134759,LC1-2_ B_FM_FMZ_TWA45_TWS14_RM22_20250306,Load (N) - After FSIC,14.0,-42.8
fiber-optic-mizzen-forestay,252530,LC1-2_ B_FM_FMZ_TWA45_TWS14_RM22_20250306,Load (N) - After FSIC,14.0,-42.8
fiber-optic-main-v1-sb,134022,LC1-2_ B_FM_FMZ_TWA45_TWS14_RM22_20250306,Load (N) - After FSIC,14.0,-42.8
fiber-optic-main-v1-ps,629273,LC1-2_ B_FM_FMZ_TWA45_TWS14_RM22_20250306,Load (N) - After FSIC,14.0,-42.8
fiber-optic-main-d1-sb,20248,LC1-2_ B_FM_FMZ_TWA45_TWS14_RM22_20250306,Load (N) - After FSIC,14.0,-42.8
fiber-optic-main-d1-ps,247917,LC1-2_ B_FM_FMZ_TWA45_TWS14_RM22_20250306,Load (N) - After FSIC,14.0,-42.8
mizzen-runner-ps-load,11214,LC1-2_ B_FM_FMZ_TWA45_TWS14_RM22_20250306,Load (N) - After FSIC,14.0,-42.8
mizzen-runner-sb-load,11214,LC1-2_ B_FM_FMZ_TWA45_TWS14_RM22_20250306,Load (N) - After FSIC,14.0,-42.8
mizzen-checkstay-ps-load,12552,LC1-2_ B_FM_FMZ_TWA45_TWS14_RM22_20250306,Load (N) - After FSIC,14.0,-42.8
mizzen-checkstay-sb-load,12552,LC1-2_ B_FM_FMZ_TWA45_TWS14_RM22_20250306,Load (N) - After FSIC,14.0,-42.8
mizzen-vang-load,51,LC1-2_ B_FM_FMZ_TWA45_TWS14_RM22_20250306,Load (N) - After FSIC,14.0,-42.8
mizzen-checkstay-deflector-load,2330,LC1-2_ B_FM_FMZ_TWA45_TWS14_RM22_20250306,Load (N) - After FSIC,14.0,-42.8
mizzen-checkstay-deflector-relative-position,2330,LC1-2_ B_FM_FMZ_TWA45_TWS14_RM22_20250306,Load (N) - After FSIC,14.0,-42.8
mizzen-preventer-load,0,LC1-2_ B_FM_FMZ_TWA45_TWS14_RM22_20250306,Load (N) - After FSIC,14.0,-42.8
mizzen-sheet-load,62449,LC1-2_ B_FM_FMZ_TWA45_TWS14_RM22_20250306,Load (N) - After FSIC,14.0,-42.8
main-checkstay-ps-load,8341,LC1-2_ B_FM_FMZ_TWA45_TWS14_RM22_20250306,Load (N) - After FSIC,14.0,-42.8
main-checkstay-sb-load,8341,LC1-2_ B_FM_FMZ_TWA45_TWS14_RM22_20250306,Load (N) - After FSIC,14.0,-42.8
,91130,LC1-2_ B_FM_FMZ_TWA45_TWS14_RM22_20250306,Load (N) - After FSIC,14.0,-42.8
,91130,LC1-2_ B_FM_FMZ_TWA45_TWS14_RM22_20250306,Load (N) - After FSIC,14.0,-42.8
main-runner-ps-load,173602,LC1-2_ B_FM_FMZ_TWA45_TWS14_RM22_20250306,Load (N) - After FSIC,14.0,-42.8
main-runner-sb-load,173602,LC1-2_ B_FM_FMZ_TWA45_TWS14_RM22_20250306,Load (N) - After FSIC,14.0,-42.8
main-checkstay-deflector-load,752,LC1-2_ B_FM_FMZ_TWA45_TWS14_RM22_20250306,Load (N) - After FSIC,14.0,-42.8
main-checkstay-deflector-relative-position,752,LC1-2_ B_FM_FMZ_TWA45_TWS14_RM22_20250306,Load (N) - After FSIC,14.0,-42.8
main-vang-load,100,LC1-2_ B_FM_FMZ_TWA45_TWS14_RM22_20250306,Load (N) - After FSIC,14.0,-42.8
main-vang-load,100,LC1-2_ B_FM_FMZ_TWA45_TWS14_RM22_20250306,Load (N) - After FSIC,14.0,-42.8
main-preventer-load,0,LC1-2_ B_FM_FMZ_TWA45_TWS14_RM22_20250306,Load (N) - After FSIC,14.0,-42.8
blade-tweaker-ps-load,40241,LC1-2_ B_FM_FMZ_TWA45_TWS14_RM22_20250306,Load (N) - After FSIC,14.0,-42.8
blade-tweaker-sb-load,40241,LC1-2_ B_FM_FMZ_TWA45_TWS14_RM22_20250306,Load (N) - After FSIC,14.0,-42.8
main-sheet-load,87588,LC1-2_ B_FM_FMZ_TWA45_TWS14_RM22_20250306,Load (N) - After FSIC,14.0,-42.8
main-halyard-load,189700,LC1-2_ B_FM_FMZ_TWA45_TWS14_RM22_20250306,Load (N) - After FSIC,14.0,-42.8
main-outhaul-load,80305,LC1-2_ B_FM_FMZ_TWA45_TWS14_RM22_20250306,Load (N) - After FSIC,14.0,-42.8
main-cunningham-load,25000,LC1-2_ B_FM_FMZ_TWA45_TWS14_RM22_20250306,Load (N) - After FSIC,14.0,-42.8
mizzen-halyard-load,136678,LC1-2_ B_FM_FMZ_TWA45_TWS14_RM22_20250306,Load (N) - After FSIC,14.0,-42.8
mizzen-outhaul-load,56095,LC1-2_ B_FM_FMZ_TWA45_TWS14_RM22_20250306,Load (N) - After FSIC,14.0,-42.8
mizzen-cunningham-load,15000,LC1-2_ B_FM_FMZ_TWA45_TWS14_RM22_20250306,Load (N) - After FSIC,14.0,-42.8
blade-sheet-feeder-ps-load,87685,LC1-2_ B_FM_FMZ_TWA45_TWS14_RM22_20250306,Load (N) - After FSIC,14.0,-42.8
blade-sheet-feeder-sb-load,87685,LC1-2_ B_FM_FMZ_TWA45_TWS14_RM22_20250306,Load (N) - After FSIC,14.0,-42.8
primary-winch-ps-load,0,LC1-2_ B_FM_FMZ_TWA45_TWS14_RM22_20250306,Load (N) - After FSIC,14.0,-42.8
primary-winch-sb-load,0,LC1-2_ B_FM_FMZ_TWA45_TWS14_RM22_20250306,Load (N) - After FSIC,14.0,-42.8
headsail-locks-lock-Jib,189305,LC1-2_ B_FM_FMZ_TWA45_TWS14_RM22_20250306,Load (N) - After FSIC,14.0,-42.8
blade-cunningham-load,153708,LC1-2_ B_FM_FMZ_TWA45_TWS14_RM22_20250306,Load (N) - After FSIC,14.0,-42.8
main-headstay-combined-load,153708,LC1-2_ B_FM_FMZ_TWA45_TWS14_RM22_20250306,Load (N) - After FSIC,14.0,-42.8
blade-adjuster-load,269259,LC1-2_ B_FM_FMZ_TWA45_TWS14_RM22_20250306,Load (N) - After FSIC,14.0,-42.8
main-headstay-combined-load,269259,LC1-2_ B_FM_FMZ_TWA45_TWS14_RM22_20250306,Load (N) - After FSIC,14.0,-42.8
fiber-optic-mizzen-v1-sb,137502,LC7-R_ SS_M2R_MZ2R_TWA90_TWS28_RM20_20240418,Load (N) - After FSIC,28.0,-69.3
fiber-optic-mizzen-v1-ps,291184,LC7-R_ SS_M2R_MZ2R_TWA90_TWS28_RM20_20240418,Load (N) - After FSIC,28.0,-69.3
fiber-optic-mizzen-d1-sb,0,LC7-R_ SS_M2R_MZ2R_TWA90_TWS28_RM20_20240418,Load (N) - After FSIC,28.0,-69.3
fiber-optic-mizzen-d1-ps,154056,LC7-R_ SS_M2R_MZ2R_TWA90_TWS28_RM20_20240418,Load (N) - After FSIC,28.0,-69.3
fiber-optic-mizzen-forestay,250717,LC7-R_ SS_M2R_MZ2R_TWA90_TWS28_RM20_20240418,Load (N) - After FSIC,28.0,-69.3
fiber-optic-main-v1-sb,230149,LC7-R_ SS_M2R_MZ2R_TWA90_TWS28_RM20_20240418,Load (N) - After FSIC,28.0,-69.3
fiber-optic-main-v1-ps,668992,LC7-R_ SS_M2R_MZ2R_TWA90_TWS28_RM20_20240418,Load (N) - After FSIC,28.0,-69.3
fiber-optic-main-d1-sb,48389,LC7-R_ SS_M2R_MZ2R_TWA90_TWS28_RM20_20240418,Load (N) - After FSIC,28.0,-69.3
fiber-optic-main-d1-ps,338112,LC7-R_ SS_M2R_MZ2R_TWA90_TWS28_RM20_20240418,Load (N) - After FSIC,28.0,-69.3
blade-adjuster-load,124945,LC7-R_ SS_M2R_MZ2R_TWA90_TWS28_RM20_20240418,Load (N) - After FSIC,28.0,-69.3
main-headstay-combined-load,124945,LC7-R_ SS_M2R_MZ2R_TWA90_TWS28_RM20_20240418,Load (N) - After FSIC,28.0,-69.3
mizzen-runner-ps-load,87787,LC7-R_ SS_M2R_MZ2R_TWA90_TWS28_RM20_20240418,Load (N) - After FSIC,28.0,-69.3
mizzen-runner-sb-load,87787,LC7-R_ SS_M2R_MZ2R_TWA90_TWS28_RM20_20240418,Load (N) - After FSIC,28.0,-69.3
mizzen-checkstay-ps-load,15173,LC7-R_ SS_M2R_MZ2R_TWA90_TWS28_RM20_20240418,Load (N) - After FSIC,28.0,-69.3
mizzen-checkstay-sb-load,15173,LC7-R_ SS_M2R_MZ2R_TWA90_TWS28_RM20_20240418,Load (N) - After FSIC,28.0,-69.3
mizzen-vang-load,171688,LC7-R_ SS_M2R_MZ2R_TWA90_TWS28_RM20_20240418,Load (N) - After FSIC,28.0,-69.3
mizzen-checkstay-deflector-load,2028,LC7-R_ SS_M2R_MZ2R_TWA90_TWS28_RM20_20240418,Load (N) - After FSIC,28.0,-69.3
mizzen-checkstay-deflector-relative-position,2028,LC7-R_ SS_M2R_MZ2R_TWA90_TWS28_RM20_20240418,Load (N) - After FSIC,28.0,-69.3
mizzen-preventer-load,33152,LC7-R_ SS_M2R_MZ2R_TWA90_TWS28_RM20_20240418,Load (N) - After FSIC,28.0,-69.3
mizzen-sheet-load,16595,LC7-R_ SS_M2R_MZ2R_TWA90_TWS28_RM20_20240418,Load (N) - After FSIC,28.0,-69.3
main-checkstay-ps-load,42359,LC7-R_ SS_M2R_MZ2R_TWA90_TWS28_RM20_20240418,Load (N) - After FSIC,28.0,-69.3
main-checkstay-sb-load,42359,LC7-R_ SS_M2R_MZ2R_TWA90_TWS28_RM20_20240418,Load (N) - After FSIC,28.0,-69.3
,91946,LC7-R_ SS_M2R_MZ2R_TWA90_TWS28_RM20_20240418,Load (N) - After FSIC,28.0,-69.3
,91946,LC7-R_ SS_M2R_MZ2R_TWA90_TWS28_RM20_20240418,Load (N) - After FSIC,28.0,-69.3
main-runner-ps-load,141592,LC7-R_ SS_M2R_MZ2R_TWA90_TWS28_RM20_20240418,Load (N) - After FSIC,28.0,-69.3
main-runner-sb-load,141592,LC7-R_ SS_M2R_MZ2R_TWA90_TWS28_RM20_20240418,Load (N) - After FSIC,28.0,-69.3
main-checkstay-deflector-load,2087,LC7-R_ SS_M2R_MZ2R_TWA90_TWS28_RM20_20240418,Load (N) - After FSIC,28.0,-69.3
main-checkstay-deflector-relative-position,2087,LC7-R_ SS_M2R_MZ2R_TWA90_TWS28_RM20_20240418,Load (N) - After FSIC,28.0,-69.3
main-vang-load,622,LC7-R_ SS_M2R_MZ2R_TWA90_TWS28_RM20_20240418,Load (N) - After FSIC,28.0,-69.3
main-vang-load,622,LC7-R_ SS_M2R_MZ2R_TWA90_TWS28_RM20_20240418,Load (N) - After FSIC,28.0,-69.3
main-preventer-load,82779,LC7-R_ SS_M2R_MZ2R_TWA90_TWS28_RM20_20240418,Load (N) - After FSIC,28.0,-69.3
main-sheet-load,43097,LC7-R_ SS_M2R_MZ2R_TWA90_TWS28_RM20_20240418,Load (N) - After FSIC,28.0,-69.3
main-halyard-lock-2,151468,LC7-R_ SS_M2R_MZ2R_TWA90_TWS28_RM20_20240418,Load (N) - After FSIC,28.0,-69.3
mizzen-halyard-lock-2,102712,LC7-R_ SS_M2R_MZ2R_TWA90_TWS28_RM20_20240418,Load (N) - After FSIC,28.0,-69.3
mizzen-halyard-boom-lock-2,125889,LC7-R_ SS_M2R_MZ2R_TWA90_TWS28_RM20_20240418,Load (N) - After FSIC,28.0,-69.3
headsail-locks-lock-staysail,326598,LC7-R_ SS_M2R_MZ2R_TWA90_TWS28_RM20_20240418,Load (N) - After FSIC,28.0,-69.3
staysail-sheet-feeder-ps-load,1000,LC7-R_ SS_M2R_MZ2R_TWA90_TWS28_RM20_20240418,Load (N) - After FSIC,28.0,-69.3
staysail-sheet-feeder-sb-load,1000,LC7-R_ SS_M2R_MZ2R_TWA90_TWS28_RM20_20240418,Load (N) - After FSIC,28.0,-69.3
staysail-stay-adjuster-load,288505,LC7-R_ SS_M2R_MZ2R_TWA90_TWS28_RM20_20240418,Load (N) - After FSIC,28.0,-69.3
fiber-optic-mizzen-v1-sb,15068,LC35_ B_FM_FMZ_MZSS_TWA115_TWS26_RMMax_20240411,Load (N) - After FSIC,26.0,-84.6
fiber-optic-mizzen-v1-ps,528301,LC35_ B_FM_FMZ_MZSS_TWA115_TWS26_RMMax_20240411,Load (N) - After FSIC,26.0,-84.6
fiber-optic-mizzen-d1-sb,7192,LC35_ B_FM_FMZ_MZSS_TWA115_TWS26_RMMax_20240411,Load (N) - After FSIC,26.0,-84.6
fiber-optic-mizzen-d1-ps,191400,LC35_ B_FM_FMZ_MZSS_TWA115_TWS26_RMMax_20240411,Load (N) - After FSIC,26.0,-84.6
fiber-optic-mizzen-forestay,210,LC35_ B_FM_FMZ_MZSS_TWA115_TWS26_RMMax_20240411,Load (N) - After FSIC,26.0,-84.6
fiber-optic-main-v1-sb,70655,LC35_ B_FM_FMZ_MZSS_TWA115_TWS26_RMMax_20240411,Load (N) - After FSIC,26.0,-84.6
fiber-optic-main-v1-ps,764777,LC35_ B_FM_FMZ_MZSS_TWA115_TWS26_RMMax_20240411,Load (N) - After FSIC,26.0,-84.6
fiber-optic-main-d1-sb,9920,LC35_ B_FM_FMZ_MZSS_TWA115_TWS26_RMMax_20240411,Load (N) - After FSIC,26.0,-84.6
fiber-optic-main-d1-ps,318411,LC35_ B_FM_FMZ_MZSS_TWA115_TWS26_RMMax_20240411,Load (N) - After FSIC,26.0,-84.6
mizzen-runner-ps-load,140528,LC35_ B_FM_FMZ_MZSS_TWA115_TWS26_RMMax_20240411,Load (N) - After FSIC,26.0,-84.6
mizzen-runner-sb-load,140528,LC35_ B_FM_FMZ_MZSS_TWA115_TWS26_RMMax_20240411,Load (N) - After FSIC,26.0,-84.6
mizzen-checkstay-ps-load,16360,LC35_ B_FM_FMZ_MZSS_TWA115_TWS26_RMMax_20240411,Load (N) - After FSIC,26.0,-84.6
mizzen-checkstay-sb-load,16360,LC35_ B_FM_FMZ_MZSS_TWA115_TWS26_RMMax_20240411,Load (N) - After FSIC,26.0,-84.6
mizzen-vang-load,68547,LC35_ B_FM_FMZ_MZSS_TWA115_TWS26_RMMax_20240411,Load (N) - After FSIC,26.0,-84.6
mizzen-checkstay-deflector-load,2500,LC35_ B_FM_FMZ_MZSS_TWA115_TWS26_RMMax_20240411,Load (N) - After FSIC,26.0,-84.6
mizzen-checkstay-deflector-relative-position,2500,LC35_ B_FM_FMZ_MZSS_TWA115_TWS26_RMMax_20240411,Load (N) - After FSIC,26.0,-84.6
mizzen-preventer-load,46247,LC35_ B_FM_FMZ_MZSS_TWA115_TWS26_RMMax_20240411,Load (N) - After FSIC,26.0,-84.6
mizzen-sheet-load,31714,LC35_ B_FM_FMZ_MZSS_TWA115_TWS26_RMMax_20240411,Load (N) - After FSIC,26.0,-84.6
main-checkstay-ps-load,28807,LC35_ B_FM_FMZ_MZSS_TWA115_TWS26_RMMax_20240411,Load (N) - After FSIC,26.0,-84.6
main-checkstay-sb-load,28807,LC35_ B_FM_FMZ_MZSS_TWA115_TWS26_RMMax_20240411,Load (N) - After FSIC,26.0,-84.6
,150401,LC35_ B_FM_FMZ_MZSS_TWA115_TWS26_RMMax_20240411,Load (N) - After FSIC,26.0,-84.6
,150401,LC35_ B_FM_FMZ_MZSS_TWA115_TWS26_RMMax_20240411,Load (N) - After FSIC,26.0,-84.6
main-runner-ps-load,271605,LC35_ B_FM_FMZ_MZSS_TWA115_TWS26_RMMax_20240411,Load (N) - After FSIC,26.0,-84.6
main-runner-sb-load,271605,LC35_ B_FM_FMZ_MZSS_TWA115_TWS26_RMMax_20240411,Load (N) - After FSIC,26.0,-84.6
main-checkstay-deflector-load,0,LC35_ B_FM_FMZ_MZSS_TWA115_TWS26_RMMax_20240411,Load (N) - After FSIC,26.0,-84.6
main-checkstay-deflector-relative-position,0,LC35_ B_FM_FMZ_MZSS_TWA115_TWS26_RMMax_20240411,Load (N) - After FSIC,26.0,-84.6
main-vang-load,35910,LC35_ B_FM_FMZ_MZSS_TWA115_TWS26_RMMax_20240411,Load (N) - After FSIC,26.0,-84.6
main-vang-load,35910,LC35_ B_FM_FMZ_MZSS_TWA115_TWS26_RMMax_20240411,Load (N) - After FSIC,26.0,-84.6
main-preventer-load,94667,LC35_ B_FM_FMZ_MZSS_TWA115_TWS26_RMMax_20240411,Load (N) - After FSIC,26.0,-84.6
blade-tweaker-ps-load,433,LC35_ B_FM_FMZ_MZSS_TWA115_TWS26_RMMax_20240411,Load (N) - After FSIC,26.0,-84.6
blade-tweaker-sb-load,433,LC35_ B_FM_FMZ_MZSS_TWA115_TWS26_RMMax_20240411,Load (N) - After FSIC,26.0,-84.6
main-sheet-load,43586,LC35_ B_FM_FMZ_MZSS_TWA115_TWS26_RMMax_20240411,Load (N) - After FSIC,26.0,-84.6
main-halyard-load,167291,LC35_ B_FM_FMZ_MZSS_TWA115_TWS26_RMMax_20240411,Load (N) - After FSIC,26.0,-84.6
main-outhaul-load,72339,LC35_ B_FM_FMZ_MZSS_TWA115_TWS26_RMMax_20240411,Load (N) - After FSIC,26.0,-84.6
main-cunningham-load,17500,LC35_ B_FM_FMZ_MZSS_TWA115_TWS26_RMMax_20240411,Load (N) - After FSIC,26.0,-84.6
mizzen-halyard-load,66732,LC35_ B_FM_FMZ_MZSS_TWA115_TWS26_RMMax_20240411,Load (N) - After FSIC,26.0,-84.6
mizzen-outhaul-load,40737,LC35_ B_FM_FMZ_MZSS_TWA115_TWS26_RMMax_20240411,Load (N) - After FSIC,26.0,-84.6
mizzen-cunningham-load,10000,LC35_ B_FM_FMZ_MZSS_TWA115_TWS26_RMMax_20240411,Load (N) - After FSIC,26.0,-84.6
blade-sheet-feeder-ps-load,1000,LC35_ B_FM_FMZ_MZSS_TWA115_TWS26_RMMax_20240411,Load (N) - After FSIC,26.0,-84.6
blade-sheet-feeder-sb-load,1000,LC35_ B_FM_FMZ_MZSS_TWA115_TWS26_RMMax_20240411,Load (N) - After FSIC,26.0,-84.6
primary-winch-ps-load,103884,LC35_ B_FM_FMZ_MZSS_TWA115_TWS26_RMMax_20240411,Load (N) - After FSIC,26.0,-84.6
primary-winch-sb-load,103884,LC35_ B_FM_FMZ_MZSS_TWA115_TWS26_RMMax_20240411,Load (N) - After FSIC,26.0,-84.6
headsail-locks-lock-Jib,238965,LC35_ B_FM_FMZ_MZSS_TWA115_TWS26_RMMax_20240411,Load (N) - After FSIC,26.0,-84.6
blade-cunningham-load,185719,LC35_ B_FM_FMZ_MZSS_TWA115_TWS26_RMMax_20240411,Load (N) - After FSIC,26.0,-84.6
main-headstay-combined-load,185719,LC35_ B_FM_FMZ_MZSS_TWA115_TWS26_RMMax_20240411,Load (N) - After FSIC,26.0,-84.6
mizzen-headsail-locks-lock,236018,LC35_ B_FM_FMZ_MZSS_TWA115_TWS26_RMMax_20240411,Load (N) - After FSIC,26.0,-84.6
mizzen-headsail-tack-adjuster-load,207425,LC35_ B_FM_FMZ_MZSS_TWA115_TWS26_RMMax_20240411,Load (N) - After FSIC,26.0,-84.6
blade-adjuster-load,226432,LC35_ B_FM_FMZ_MZSS_TWA115_TWS26_RMMax_20240411,Load (N) - After FSIC,26.0,-84.6
main-headstay-combined-load,226432,LC35_ B_FM_FMZ_MZSS_TWA115_TWS26_RMMax_20240411,Load (N) - After FSIC,26.0,-84.6
fiber-optic-main-v1-sb,0,FM B Rchng,Load (N) - After FSIC,22.0,-90.0
fiber-optic-main-v1-ps,715253,FM B Rchng,Load (N) - After FSIC,22.0,-90.0
fiber-optic-main-d1-sb,0,FM B Rchng,Load (N) - After FSIC,22.0,-90.0
fiber-optic-main-d1-ps,324893,FM B Rchng,Load (N) - After FSIC,22.0,-90.0
fiber-optic-mizzen-v1-sb,182154,FM B Rchng,Load (N) - After FSIC,22.0,-90.0
fiber-optic-mizzen-v1-ps,213425,FM B Rchng,Load (N) - After FSIC,22.0,-90.0
fiber-optic-mizzen-d1-sb,74764,FM B Rchng,Load (N) - After FSIC,22.0,-90.0
fiber-optic-mizzen-d1-ps,111255,FM B Rchng,Load (N) - After FSIC,22.0,-90.0
fiber-optic-mizzen-forestay,188287,FM B Rchng,Load (N) - After FSIC,22.0,-90.0
,150013,FM B Rchng,Load (N) - After FSIC,22.0,-90.0
,150013,FM B Rchng,Load (N) - After FSIC,22.0,-90.0
main-runner-ps-load,264280,FM B Rchng,Load (N) - After FSIC,22.0,-90.0
main-runner-sb-load,264280,FM B Rchng,Load (N) - After FSIC,22.0,-90.0
main-checkstay-ps-load,35508,FM B Rchng,Load (N) - After FSIC,22.0,-90.0
main-checkstay-sb-load,35508,FM B Rchng,Load (N) - After FSIC,22.0,-90.0
main-checkstay-deflector-load,2749,FM B Rchng,Load (N) - After FSIC,22.0,-90.0
main-checkstay-deflector-relative-position,2749,FM B Rchng,Load (N) - After FSIC,22.0,-90.0
mizzen-runner-ps-load,51428,FM B Rchng,Load (N) - After FSIC,22.0,-90.0
mizzen-runner-sb-load,51428,FM B Rchng,Load (N) - After FSIC,22.0,-90.0
mizzen-checkstay-ps-load,19587,FM B Rchng,Load (N) - After FSIC,22.0,-90.0
mizzen-checkstay-sb-load,19587,FM B Rchng,Load (N) - After FSIC,22.0,-90.0
mizzen-checkstay-deflector-load,3309,FM B Rchng,Load (N) - After FSIC,22.0,-90.0
mizzen-checkstay-deflector-relative-position,3309,FM B Rchng,Load (N) - After FSIC,22.0,-90.0
main-sheet-load,95259,FM B Rchng,Load (N) - After FSIC,22.0,-90.0
main-vang-load,100,FM B Rchng,Load (N) - After FSIC,22.0,-90.0
main-vang-load,100,FM B Rchng,Load (N) - After FSIC,22.0,-90.0
main-outhaul-load,138931,FM B Rchng,Load (N) - After FSIC,22.0,-90.0
mizzen-sheet-load,5737,FM B Rchng,Load (N) - After FSIC,22.0,-90.0
mizzen-vang-load,2,FM B Rchng,Load (N) - After FSIC,22.0,-90.0
blade-tweaker-ps-load,66,FM B Rchng,Load (N) - After FSIC,22.0,-90.0
blade-tweaker-sb-load,66,FM B Rchng,Load (N) - After FSIC,22.0,-90.0
main-halyard-load,238547,FM B Rchng,Load (N) - After FSIC,22.0,-90.0
main-cunningham-load,50000,FM B Rchng,Load (N) - After FSIC,22.0,-90.0
blade-sheet-feeder-ps-load,100,FM B Rchng,Load (N) - After FSIC,22.0,-90.0
blade-sheet-feeder-sb-load,100,FM B Rchng,Load (N) - After FSIC,22.0,-90.0
primary-winch-ps-load,110973,FM B Rchng,Load (N) - After FSIC,22.0,-90.0
primary-winch-sb-load,110973,FM B Rchng,Load (N) - After FSIC,22.0,-90.0
headsail-locks-lock-Jib,250679,FM B Rchng,Load (N) - After FSIC,22.0,-90.0
blade-cunningham-load,199129,FM B Rchng,Load (N) - After FSIC,22.0,-90.0
main-headstay-combined-load,199129,FM B Rchng,Load (N) - After FSIC,22.0,-90.0
blade-adjuster-load,227469,FM B Rchng,Load (N) - After FSIC,22.0,-90.0
main-headstay-combined-load,227469,FM B Rchng,Load (N) - After FSIC,22.0,-90.0
fiber-optic-mizzen-v1-sb,185652,LC20_ MH0_FM_FMZ_ TWA110_TWS12_RM15_NoRunner_20240630,Load (N) - After FSIC,12.0,-84.1
fiber-optic-mizzen-v1-ps,292608,LC20_ MH0_FM_FMZ_ TWA110_TWS12_RM15_NoRunner_20240630,Load (N) - After FSIC,12.0,-84.1
fiber-optic-mizzen-d1-sb,68128,LC20_ MH0_FM_FMZ_ TWA110_TWS12_RM15_NoRunner_20240630,Load (N) - After FSIC,12.0,-84.1
fiber-optic-mizzen-d1-ps,109692,LC20_ MH0_FM_FMZ_ TWA110_TWS12_RM15_NoRunner_20240630,Load (N) - After FSIC,12.0,-84.1
fiber-optic-mizzen-forestay,210281,LC20_ MH0_FM_FMZ_ TWA110_TWS12_RM15_NoRunner_20240630,Load (N) - After FSIC,12.0,-84.1
fiber-optic-main-v1-sb,349136,LC20_ MH0_FM_FMZ_ TWA110_TWS12_RM15_NoRunner_20240630,Load (N) - After FSIC,12.0,-84.1
fiber-optic-main-v1-ps,1025009,LC20_ MH0_FM_FMZ_ TWA110_TWS12_RM15_NoRunner_20240630,Load (N) - After FSIC,12.0,-84.1
fiber-optic-main-d1-sb,142637,LC20_ MH0_FM_FMZ_ TWA110_TWS12_RM15_NoRunner_20240630,Load (N) - After FSIC,12.0,-84.1
fiber-optic-main-d1-ps,364698,LC20_ MH0_FM_FMZ_ TWA110_TWS12_RM15_NoRunner_20240630,Load (N) - After FSIC,12.0,-84.1
blade-adjuster-load,0,LC20_ MH0_FM_FMZ_ TWA110_TWS12_RM15_NoRunner_20240630,Load (N) - After FSIC,12.0,-84.1
main-headstay-combined-load,0,LC20_ MH0_FM_FMZ_ TWA110_TWS12_RM15_NoRunner_20240630,Load (N) - After FSIC,12.0,-84.1
mizzen-runner-ps-load,44509,LC20_ MH0_FM_FMZ_ TWA110_TWS12_RM15_NoRunner_20240630,Load (N) - After FSIC,12.0,-84.1
mizzen-runner-sb-load,44509,LC20_ MH0_FM_FMZ_ TWA110_TWS12_RM15_NoRunner_20240630,Load (N) - After FSIC,12.0,-84.1
mizzen-checkstay-ps-load,33823,LC20_ MH0_FM_FMZ_ TWA110_TWS12_RM15_NoRunner_20240630,Load (N) - After FSIC,12.0,-84.1
mizzen-checkstay-sb-load,33823,LC20_ MH0_FM_FMZ_ TWA110_TWS12_RM15_NoRunner_20240630,Load (N) - After FSIC,12.0,-84.1
mizzen-vang-load,124551,LC20_ MH0_FM_FMZ_ TWA110_TWS12_RM15_NoRunner_20240630,Load (N) - After FSIC,12.0,-84.1
mizzen-checkstay-deflector-load,5101,LC20_ MH0_FM_FMZ_ TWA110_TWS12_RM15_NoRunner_20240630,Load (N) - After FSIC,12.0,-84.1
mizzen-checkstay-deflector-relative-position,5101,LC20_ MH0_FM_FMZ_ TWA110_TWS12_RM15_NoRunner_20240630,Load (N) - After FSIC,12.0,-84.1
mizzen-preventer-load,15965,LC20_ MH0_FM_FMZ_ TWA110_TWS12_RM15_NoRunner_20240630,Load (N) - After FSIC,12.0,-84.1
mizzen-sheet-load,1696,LC20_ MH0_FM_FMZ_ TWA110_TWS12_RM15_NoRunner_20240630,Load (N) - After FSIC,12.0,-84.1
main-checkstay-ps-load,0,LC20_ MH0_FM_FMZ_ TWA110_TWS12_RM15_NoRunner_20240630,Load (N) - After FSIC,12.0,-84.1
main-checkstay-sb-load,0,LC20_ MH0_FM_FMZ_ TWA110_TWS12_RM15_NoRunner_20240630,Load (N) - After FSIC,12.0,-84.1
,0,LC20_ MH0_FM_FMZ_ TWA110_TWS12_RM15_NoRunner_20240630,Load (N) - After FSIC,12.0,-84.1
,0,LC20_ MH0_FM_FMZ_ TWA110_TWS12_RM15_NoRunner_20240630,Load (N) - After FSIC,12.0,-84.1
main-runner-ps-load,0,LC20_ MH0_FM_FMZ_ TWA110_TWS12_RM15_NoRunner_20240630,Load (N) - After FSIC,12.0,-84.1
main-runner-sb-load,0,LC20_ MH0_FM_FMZ_ TWA110_TWS12_RM15_NoRunner_20240630,Load (N) - After FSIC,12.0,-84.1
main-checkstay-deflector-load,0,LC20_ MH0_FM_FMZ_ TWA110_TWS12_RM15_NoRunner_20240630,Load (N) - After FSIC,12.0,-84.1
main-checkstay-deflector-relative-position,0,LC20_ MH0_FM_FMZ_ TWA110_TWS12_RM15_NoRunner_20240630,Load (N) - After FSIC,12.0,-84.1
main-vang-load,550000,LC20_ MH0_FM_FMZ_ TWA110_TWS12_RM15_NoRunner_20240630,Load (N) - After FSIC,12.0,-84.1
main-vang-load,550000,LC20_ MH0_FM_FMZ_ TWA110_TWS12_RM15_NoRunner_20240630,Load (N) - After FSIC,12.0,-84.1
main-preventer-load,100,LC20_ MH0_FM_FMZ_ TWA110_TWS12_RM15_NoRunner_20240630,Load (N) - After FSIC,12.0,-84.1
main-sheet-load,9905,LC20_ MH0_FM_FMZ_ TWA110_TWS12_RM15_NoRunner_20240630,Load (N) - After FSIC,12.0,-84.1
main-halyard-load,109484,LC20_ MH0_FM_FMZ_ TWA110_TWS12_RM15_NoRunner_20240630,Load (N) - After FSIC,12.0,-84.1
main-outhaul-load,46987,LC20_ MH0_FM_FMZ_ TWA110_TWS12_RM15_NoRunner_20240630,Load (N) - After FSIC,12.0,-84.1
main-cunningham-load,20000,LC20_ MH0_FM_FMZ_ TWA110_TWS12_RM15_NoRunner_20240630,Load (N) - After FSIC,12.0,-84.1
mizzen-halyard-load,57599,LC20_ MH0_FM_FMZ_ TWA110_TWS12_RM15_NoRunner_20240630,Load (N) - After FSIC,12.0,-84.1
mizzen-outhaul-load,50873,LC20_ MH0_FM_FMZ_ TWA110_TWS12_RM15_NoRunner_20240630,Load (N) - After FSIC,12.0,-84.1
mizzen-cunningham-load,15000,LC20_ MH0_FM_FMZ_ TWA110_TWS12_RM15_NoRunner_20240630,Load (N) - After FSIC,12.0,-84.1
primary-winch-ps-load,63943,LC20_ MH0_FM_FMZ_ TWA110_TWS12_RM15_NoRunner_20240630,Load (N) - After FSIC,12.0,-84.1
primary-winch-sb-load,63943,LC20_ MH0_FM_FMZ_ TWA110_TWS12_RM15_NoRunner_20240630,Load (N) - After FSIC,12.0,-84.1
code-zero-tack-load,124336,LC20_ MH0_FM_FMZ_ TWA110_TWS12_RM15_NoRunner_20240630,Load (N) - After FSIC,12.0,-84.1
mizzen-vang-relative-position,0.020000,LC1-2_ B_FM_FMZ_TWA45_TWS14_RM22_20250306,Trimming value (N or m) - FSIC trimmings,14.0,-42.8
main-traveller-relative-position,0.500000,LC1-2_ B_FM_FMZ_TWA45_TWS14_RM22_20250306,Trimming value (N or m) - FSIC trimmings,14.0,-42.8
main-traveller-relative-position,1000.0,LC1-2_ B_FM_FMZ_TWA45_TWS14_RM22_20250306,Trimming value (N or m) - FSIC trimmings,14.0,-42.8
main-vang-relative-position,100.0,LC1-2_ B_FM_FMZ_TWA45_TWS14_RM22_20250306,Trimming value (N or m) - FSIC trimmings,14.0,-42.8
blade-tweaker-sb-relative-position,-0.150000,LC1-2_ B_FM_FMZ_TWA45_TWS14_RM22_20250306,Trimming value (N or m) - FSIC trimmings,14.0,-42.8
blade-tweaker-ps-relative-position,-0.150000,LC1-2_ B_FM_FMZ_TWA45_TWS14_RM22_20250306,Trimming value (N or m) - FSIC trimmings,14.0,-42.8
main-outhaul-relative-position,-0.050000,LC1-2_ B_FM_FMZ_TWA45_TWS14_RM22_20250306,Trimming value (N or m) - FSIC trimmings,14.0,-42.8
main-cunningham-stroke,25000.0,LC1-2_ B_FM_FMZ_TWA45_TWS14_RM22_20250306,Trimming value (N or m) - FSIC trimmings,14.0,-42.8
mizzen-outhaul-relative-position,0.010000,LC1-2_ B_FM_FMZ_TWA45_TWS14_RM22_20250306,Trimming value (N or m) - FSIC trimmings,14.0,-42.8
mizzen-cunningham-stroke,15000.0,LC1-2_ B_FM_FMZ_TWA45_TWS14_RM22_20250306,Trimming value (N or m) - FSIC trimmings,14.0,-42.8
blade-cunningham-relative-position,"",LC1-2_ B_FM_FMZ_TWA45_TWS14_RM22_20250306,Trimming value (N or m) - FSIC trimmings,14.0,-42.8
blade-adjuster-relative-position,"",LC1-2_ B_FM_FMZ_TWA45_TWS14_RM22_20250306,Trimming value (N or m) - FSIC trimmings,14.0,-42.8
blade-adjuster-relative-position,"",LC7-R_ SS_M2R_MZ2R_TWA90_TWS28_RM20_20240418,Trimming value (N or m) - FSIC trimmings,28.0,-69.3
mizzen-vang-relative-position,0.085000,LC7-R_ SS_M2R_MZ2R_TWA90_TWS28_RM20_20240418,Trimming value (N or m) - FSIC trimmings,28.0,-69.3
main-traveller-relative-position,2.500000,LC7-R_ SS_M2R_MZ2R_TWA90_TWS28_RM20_20240418,Trimming value (N or m) - FSIC trimmings,28.0,-69.3
main-traveller-relative-position,1000.0,LC7-R_ SS_M2R_MZ2R_TWA90_TWS28_RM20_20240418,Trimming value (N or m) - FSIC trimmings,28.0,-69.3
main-vang-relative-position,0.055000,LC7-R_ SS_M2R_MZ2R_TWA90_TWS28_RM20_20240418,Trimming value (N or m) - FSIC trimmings,28.0,-69.3
staysail-stay-adjuster-relative-position,-0.100000,LC7-R_ SS_M2R_MZ2R_TWA90_TWS28_RM20_20240418,Trimming value (N or m) - FSIC trimmings,28.0,-69.3
mizzen-vang-relative-position,0.030000,LC35_ B_FM_FMZ_MZSS_TWA115_TWS26_RMMax_20240411,Trimming value (N or m) - FSIC trimmings,26.0,-84.6
main-traveller-relative-position,2.500000,LC35_ B_FM_FMZ_MZSS_TWA115_TWS26_RMMax_20240411,Trimming value (N or m) - FSIC trimmings,26.0,-84.6
main-traveller-relative-position,1000.0,LC35_ B_FM_FMZ_MZSS_TWA115_TWS26_RMMax_20240411,Trimming value (N or m) - FSIC trimmings,26.0,-84.6
main-vang-relative-position,0.035000,LC35_ B_FM_FMZ_MZSS_TWA115_TWS26_RMMax_20240411,Trimming value (N or m) - FSIC trimmings,26.0,-84.6
blade-tweaker-sb-relative-position,0.200000,LC35_ B_FM_FMZ_MZSS_TWA115_TWS26_RMMax_20240411,Trimming value (N or m) - FSIC trimmings,26.0,-84.6
blade-tweaker-ps-relative-position,0.200000,LC35_ B_FM_FMZ_MZSS_TWA115_TWS26_RMMax_20240411,Trimming value (N or m) - FSIC trimmings,26.0,-84.6
main-outhaul-relative-position,-0.045000,LC35_ B_FM_FMZ_MZSS_TWA115_TWS26_RMMax_20240411,Trimming value (N or m) - FSIC trimmings,26.0,-84.6
main-cunningham-stroke,17500.0,LC35_ B_FM_FMZ_MZSS_TWA115_TWS26_RMMax_20240411,Trimming value (N or m) - FSIC trimmings,26.0,-84.6
mizzen-outhaul-relative-position,-0.010000,LC35_ B_FM_FMZ_MZSS_TWA115_TWS26_RMMax_20240411,Trimming value (N or m) - FSIC trimmings,26.0,-84.6
mizzen-cunningham-stroke,10000.0,LC35_ B_FM_FMZ_MZSS_TWA115_TWS26_RMMax_20240411,Trimming value (N or m) - FSIC trimmings,26.0,-84.6
blade-cunningham-relative-position,"",LC35_ B_FM_FMZ_MZSS_TWA115_TWS26_RMMax_20240411,Trimming value (N or m) - FSIC trimmings,26.0,-84.6
mizzen-headsail-tack-adjuster-relative-position,-0.100000,LC35_ B_FM_FMZ_MZSS_TWA115_TWS26_RMMax_20240411,Trimming value (N or m) - FSIC trimmings,26.0,-84.6
blade-adjuster-relative-position,"",LC35_ B_FM_FMZ_MZSS_TWA115_TWS26_RMMax_20240411,Trimming value (N or m) - FSIC trimmings,26.0,-84.6
main-traveller-relative-position,2.850000,FM B Rchng,Trimming value (N or m) - FSIC trimmings,22.0,-90.0
main-traveller-relative-position,1000.0,FM B Rchng,Trimming value (N or m) - FSIC trimmings,22.0,-90.0
main-vang-relative-position,100.0,FM B Rchng,Trimming value (N or m) - FSIC trimmings,22.0,-90.0
main-outhaul-relative-position,-0.050000,FM B Rchng,Trimming value (N or m) - FSIC trimmings,22.0,-90.0
mizzen-vang-relative-position,"",FM B Rchng,Trimming value (N or m) - FSIC trimmings,22.0,-90.0
blade-tweaker-sb-relative-position,-0.150000,FM B Rchng,Trimming value (N or m) - FSIC trimmings,22.0,-90.0
blade-tweaker-ps-relative-position,-0.150000,FM B Rchng,Trimming value (N or m) - FSIC trimmings,22.0,-90.0
main-cunningham-stroke,50000.0,FM B Rchng,Trimming value (N or m) - FSIC trimmings,22.0,-90.0
blade-cunningham-relative-position,"",FM B Rchng,Trimming value (N or m) - FSIC trimmings,22.0,-90.0
blade-adjuster-relative-position,"",FM B Rchng,Trimming value (N or m) - FSIC trimmings,22.0,-90.0
blade-adjuster-relative-position,"",LC20_ MH0_FM_FMZ_ TWA110_TWS12_RM15_NoRunner_20240630,Trimming value (N or m) - FSIC trimmings,12.0,-84.1
mizzen-vang-relative-position,0.015000,LC20_ MH0_FM_FMZ_ TWA110_TWS12_RM15_NoRunner_20240630,Trimming value (N or m) - FSIC trimmings,12.0,-84.1
main-traveller-relative-position,2.000000,LC20_ MH0_FM_FMZ_ TWA110_TWS12_RM15_NoRunner_20240630,Trimming value (N or m) - FSIC trimmings,12.0,-84.1
main-traveller-relative-position,100.0,LC20_ MH0_FM_FMZ_ TWA110_TWS12_RM15_NoRunner_20240630,Trimming value (N or m) - FSIC trimmings,12.0,-84.1
main-vang-relative-position,550000.0,LC20_ MH0_FM_FMZ_ TWA110_TWS12_RM15_NoRunner_20240630,Trimming value (N or m) - FSIC trimmings,12.0,-84.1
main-outhaul-relative-position,-0.065000,LC20_ MH0_FM_FMZ_ TWA110_TWS12_RM15_NoRunner_20240630,Trimming value (N or m) - FSIC trimmings,12.0,-84.1
main-cunningham-stroke,20000.0,LC20_ MH0_FM_FMZ_ TWA110_TWS12_RM15_NoRunner_20240630,Trimming value (N or m) - FSIC trimmings,12.0,-84.1
mizzen-outhaul-relative-position,-0.030000,LC20_ MH0_FM_FMZ_ TWA110_TWS12_RM15_NoRunner_20240630,Trimming value (N or m) - FSIC trimmings,12.0,-84.1
mizzen-cunningham-stroke,15000.0,LC20_ MH0_FM_FMZ_ TWA110_TWS12_RM15_NoRunner_20240630,Trimming value (N or m) - FSIC trimmings,12.0,-84.1
code-zero-tack-relative-position,0.050000,LC20_ MH0_FM_FMZ_ TWA110_TWS12_RM15_NoRunner_20240630,Trimming value (N or m) - FSIC trimmings,12.0,-84.1
