Variable key,Technical name,name in LC sheet by Stevo,Sailpack table name,Sailpack row label,Sailpack column label,Note on getting var from Sailpack
blade-tweaker-relative-position,blade-tweaker-relative-position,- Jib tweaker position (remap),CABLE DATA,CABLE_BLADE_UP_DOWN,Trimming value (N or m),
blade-sheet-feeder-load,blade-sheet-feeder-load,Jib sheet,CABLE DATA,CABLE_JIBSHEET,Load (N),
blade-adjuster-load,blade-adjuster-load,Main head stay,CABLE DATA,CABLE__FS,Load (N),
blade-cunningham-load,blade-cunningham-load,Jib tack,CABLE DATA,CABLE_BladeTACK,Load (N),
blade-cunningham-relative-position,blade-cunningham-relative-position,- Jib tack position (remap),CABLE DATA,CABLE_BladeTACK,Trimming value (N or m),
mizzen-preventer-load,mizzen-preventer-load,Mizzen Preventer sheet,CABLE DATA,CABLE_MIZZEN_PREVENTER,Load (N),
primary-winch-load,primary-winch-load,Jib sheet - Outboard,CABLE DATA,CABLE_JIBSHEET_OB,Load (N),
staysail-sheet-feeder-load,staysail-sheet-feeder-load,Staysail sheet,CABLE DATA,CABLE_staysail_SHEET,Load (N),
staysail-stay-adjuster-load,staysail-stay-adjuster-load,Staysail tack,CABLE DATA,CABLE_STAYSAIL_Tack,Load (N),
staysail-stay-adjuster-relative-position,staysail-stay-adjuster-relative-position,- Staysail tack (remap),CABLE DATA,CABLE_STAYSAIL_Tack,Trimming value (N or m),
mizzen-checkstay-load,mizzen-checkstay-load-ps,Mizzen checkstay,CABLE DATA,CABLE_MIZZ_CHECKSTAY,Load (N),
storm-jib-tack-load,storm-jib-tack-load,Storm jib tack,CABLE DATA,CABLE_Storm_Jib_SHEET,Load (N),
primary-winch-load,primary-winch-load,Storm jib sheet - outboard,CABLE DATA,CABLE_STORM_JIB_OB_SHEET,Load (N),
mizzen-checkstay-deflector-load,mizzen-checkstay-deflector-load,Mizzen checkstay deflector,CABLE DATA,CABLE_MIZZ_CHECKSTAY_DEFLECTOR,Load (N),
code-zero-tack-load,code-zero-tack-load,Mast head zero,CABLE DATA,CABLE_CODE_0_TACK,Load (N),
code-zero-tack-relative-position,code-zero-tack-relative-position,- Mast head zero tack position (remap),CABLE DATA,CABLE_CODE_0_TACK,Trimming value (N or m),
primary-winch-load,primary-winch-load,Mast head zero sheet load,CABLE DATA,CABLE_CODE_0_SHEET,Load (N),
fiber-optic-mizzen-v1-ps,fiber-optic-mizzen-v1-ps,Mizzen V1,CABLE DATA,CABLE_M_V1P,Load (N),
blade-tweaker-load,blade-tweaker-load,Jib tweaker,CABLE DATA,CABLE_BLADE_UP_DOWN,Load (N),
mizzen-vang-load,mizzen-vang-load,Mizzen vang,,,,
mizzen-vang-relative-position,mizzen-vang-relative-position,Mizzen vang (remap),,,,
main-vang-relative-position,main-vang-relative-position,Main vang (remap),CABLE DATA,CABLE_VANG,Trimming value (N or m),
main-checkstay-deflector-relative-position,main-checkstay-deflector-relative-position,Main checkstay deflector,CABLE DATA,CABLE_CHECKSTAY_DEFLECTOR,Trimming value (N or m),
fiber-optic-main-v1-sb,fiber-optic-main-v1-ps,Main V1 - Port,CABLE DATA,CABLE_V1P,Load (N),
fiber-optic-main-d1-ps,fiber-optic-main-d1-ps,Main D1 - Port,CABLE DATA,CABLE_D1P,Load (N),
fiber-optic-main-d1-sb,fiber-optic-main-d1-sb,Main D1 - Stbd,CABLE DATA,CABLE_D1S,Load (N),
main-halyard-load,main-halyard-load,-,CABLE DATA,CABLE_MAINHEAD_V,Load (N),
main-checkstay-load,main-checkstay-load-ps,Main checkstay,CABLE DATA,CABLE_CHECKSTAY,Load (N),
fiber-optic-main-v1-ps,fiber-optic-main-v1-sb,Main V1 - Stbd,CABLE DATA,CABLE_V1S,Load (N),
main-checkstay-deflector-load,main-checkstay-deflector-load,Main checkstay deflector,CABLE DATA,CABLE_CHECKSTAY_DEFLECTOR,Load (N),
main-runner-load,main-runner-load-ps,Main runner (remap?),CABLE DATA,CABLE_RUNNER,Load (N),
main-vang-load,main-vang-load,Main vang,CABLE DATA,CABLE_VANG,Load (N),
main-sheet-load,main-sheet-load,Main sheet load,CABLE DATA,CABLE_MAINSHEET,Load (N),Need to decide if we should display this as 1:1 or 2:1 load. Load from SailPack is 2:1
main-preventer-load,main-preventer-load,Preventer,CABLE DATA,CABLE_PREVENTER,Load (N),
main-cunningham-load,main-cunningham-load,Main cunno,CABLE DATA,CABLE_MAIN_CUNN,Load (N),
main-cunningham-relative-position,main-cunningham-relative-position,Main cunno,CABLE DATA,CABLE_MAIN_CUNN,Trimming value (N or m),
main-outhaul-load,main-outhaul-load,Main outhaul / REEEF,CABLE DATA,CABLE_MAIN_OUTHAUL,Load (N),
main-outhaul-relative-position,main-outhaul-relative-position,Main outhaul / REEEF,CABLE DATA,CABLE_MAIN_OUTHAUL,Trimming value (N or m),
main-traveller-relative-position-ps,main-traveller-relative-position,Main traveller - Port,CABLE DATA,CABLE_TRAVELLER_WW,Trimming value (N or m),
aft-winch-load,aft-winch-load-sb,Trisail Sheet,CABLE DATA,CABLE_TRISAIL_SHEET_STBD,Load (N),May also carry loads from other applications - Mizzen Auxilary or Mizzen Jib sheet for example
main-traveller-relative-position-sb,main-traveller-relative-position,Main traveller - Stbd,CABLE DATA,CABLE_TRAVELLER_LW,Trimming value (N or m),
mizzen-jib-tack-adjuster-load,mizzen-headsail-tack-adjuster-load,Mizzen tack,CABLE DATA,CABLE_MIZZEN_JIB_Tack,Load (N),
mizzen-jib-tack-adjuster-relative-position,mizzen-headsail-tack-adjuster-relative-position,- Mizzen tack (remap?),CABLE DATA,CABLE_MIZZEN_JIB_Tack,Trimming value (N or m),
aft-winch-load,aft-winch-load-ps,Mizzen jib sheet load,CABLE DATA,CABLE_MIZZEN_JIB_SHEET,Load (N),
blade-adjuster-relative-position,blade-adjuster-relative-position,- Main head stay position (remap),CABLE DATA,CABLE__FS,Trimming value (N or m),Should not be adjusted once rig is set up. For monitoring purposes only
mizzen-staysail-tack-adjuster-load,mizzen-headsail-tack-adjuster-load,,CABLE DATA,CABLE_MIZZEN_STAYSAILTack,Load (N),
mizzen-staysail-tack-adjuster-relative-position,mizzen-headsail-tack-adjuster-relative-position,,CABLE DATA,CABLE_MIZZEN_STAYSAILTack,Trimming value (N or m),
fiber-optic-mizzen-forestay,fiber-optic-mizzen-forestay,Mizzen headstay,CABLE DATA,CABLE_MIZ_FS,Load (N),
fiber-optic-mizzen-v1-sb,fiber-optic-mizzen-v1-sb,Mizzen V1,CABLE DATA,CABLE_M_V1S,Load (N),
fiber-optic-mizzen-d1-ps,fiber-optic-mizzen-d1-ps,Mizzen D1,CABLE DATA,CABLE_MD1P,Load (N),
,,,,,,
,,,,,,
mizzen-runner-load,mizzen-runner-load-ps,Mizzen runner (remap?),CABLE DATA,CABLE_MIZZ_RUNNER,Load (N),2 x Mizzen Runner Tail Load Pin load x cos(17) – (Mizzen Check Stay Load Cell x cos(8)).
fiber-optic-mizzen-d1-sb,fiber-optic-mizzen-d1-sb,Mizzen D1,CABLE DATA,CABLE_MD1S,Load (N),
aft-winch-load,aft-winch-load-ps,Trisail Sheet,CABLE DATA,CABLE_TRISAIL_SHEET_PORT,Load (N),May also carry  loads from other applications - Mizzen Auxilary or Mizzen Jib sheet for example
mizzen-checkstay-deflector-relative-position,mizzen-checkstay-deflector-relative-position,Mizzen checkstay deflector,CABLE DATA,CABLE_MIZZ_CHECKSTAY_DEFLECTOR,Trimming value (N or m),
mizzen-sheet-load,mizzen-sheet-load,Mizzen sheet load,CABLE DATA,CABLE_MIZZENSHEET,Load (N),Need to decide if we should display this as 1:1 or 2:1 load. Load from SailPack is 1:1
mizzen-cunningham-load,mizzen-cunningham-load,Mizzen cunno,CABLE DATA,CABLE_MIZZEN_CUNN,Load (N),
mizzen-cunningham-relative-position,mizzen-cunningham-relative-position,Mizzen cunno,CABLE DATA,CABLE_MIZZEN_CUNN,Trimming value (N or m),
mizzen-outhaul-load,mizzen-outhaul-load,Mizzen outhaul / REEF,CABLE DATA,CABLE_MIZZENCLEW,Load (N),
mizzen-outhaul-relative-position,mizzen-outhaul-relative-position,Mizzen outhaul / REEF,CABLE DATA,CABLE_MIZZENCLEW,Trimming value (N or m),
mizzen-halyard-load,mizzen-halyard-load,-,CABLE DATA,CABLE_MIZZENHEAD_V,Load (N),