DROP TABLE IF EXISTS rooms CASCADE;
CREATE TABLE rooms (
  id TEXT PRIMARY KEY,
  name TEXT,
  "group" TEXT,
  actual_temperature REAL,
  temperature_setpoint REAL,
  actual_humidity REAL,
  thermal_comfort_index REAL,
  last_movement TIMESTAMPTZ,
  amplifier_on BOOLEAN
);

DROP TYPE IF EXISTS blind_opacity CASCADE;
CREATE TYPE blind_opacity AS ENUM ('shear', 'blind');

DROP TABLE IF EXISTS blinds CASCADE;
CREATE TABLE blinds (
  id TEXT PRIMARY KEY,
  room_id VARCHAR REFERENCES rooms(id),
  name TEXT,
  opacity blind_opacity,
  "group" TEXT,
  level REAL
);

DROP TABLE IF EXISTS lighting_groups CASCADE;
CREATE TABLE lighting_groups (
  id TEXT PRIMARY KEY,
  room_id VARCHAR REFERENCES rooms(id),
  name TEXT,
  level REAL
);

INSERT INTO rooms (id, name, "group", actual_temperature, temperature_setpoint, amplifier_on) VALUES 
('owners-cabin', 'Owners cabin', 'AFT', 22.5, 21.0, true), 
('dutch-cabin', 'Dutch cabin', 'AFT', 22.5, 21.0, true), 
('french-cabin', 'French cabin', 'AFT', 22.5, 21.0, true),
('italian-cabin', 'Italian cabin', 'AFT', 22.5, 21.0, true),
('californian-cabin', 'Californian cabin', 'AFT', 22.5, 21.0, true),
('polynesian-cabin', 'Polynesian cabin', 'MID', 22.5, 21.0, true),
('galley', 'Galley', 'MID', 22.5, 21.0, true),
('crew-mess', 'Crew mess', 'MID', 22.5, 21.0, true),
('mission-room', 'Mission room', 'MID', 22.5, 21.0, true),
('laundry', 'Laundry', 'MID', 22.5, 21.0, true),
('engineers-office', 'Engineers office', 'MID', 22.5, 21.0, true),
('captains-cabin', 'Captains cabin', 'FORE', 22.5, 21.0, true),
('crew-sb-aft-cabin', 'Crew SB AFT cabin', 'FORE', 22.5, 21.0, true),
('crew-sb-mid-cabin', 'Crew SB MID cabin', 'FORE', 22.5, 21.0, true),
('crew-sb-fwd-cabin', 'Crew SB FWD cabin', 'FORE', 22.5, 21.0, true),
('crew-ps-mid-cabin', 'Crew PS MID cabin', 'FORE', 22.5, 21.0, true),
('crew-ps-fwd-cabin', 'Crew PS FWD cabin', 'FORE', 22.5, 21.0, true),
('owners-deckhouse', 'Owners deckhouse', 'UPPERDECK', 22.5, 21.0, true),
('main-deckhouse', 'Main deckhouse', 'UPPERDECK', 22.5, 21.0, true),
('owners-stairway', 'Owners stairway', 'HALLWAYS', 22.5, 21.0, true),
('guest-corridor', 'Guest corridor', 'HALLWAYS', 22.5, 21.0, true),
('polynesian-corridor', 'Polynesian corridor', 'HALLWAYS', 22.5, 21.0, true);

INSERT INTO blinds (id, room_id, name, opacity, "group", level) VALUES 
('owners-cabin/main/shear', 'owners-cabin', 'Main', 'shear', 'MAIN', 0),
('owners-cabin/main/blind', 'owners-cabin', 'Main', 'blind', 'MAIN', 0),
('owners-cabin/port/shear', 'owners-cabin', 'Port', 'shear', 'PORT', 0),
('owners-cabin/port/blind', 'owners-cabin', 'Port', 'blind', 'PORT', 0),
('owners-cabin/starboard/shear', 'owners-cabin', 'Starboard', 'shear', 'STARBOARD', 0),
('owners-cabin/starboard/blind', 'owners-cabin', 'Starboard', 'blind', 'STARBOARD', 0),
('owners-cabin/skyline_main/shear', 'owners-cabin', 'Skyline (main)', 'shear', 'SKYLINE_MAIN', 0),
('owners-cabin/skyline_main/blind', 'owners-cabin', 'Skyline (main)', 'blind', 'SKYLINE_MAIN', 0),
('owners-cabin/skyline_port/shear', 'owners-cabin', 'Skyline (port)', 'shear', 'SKYLINE_PORT', 0),
('owners-cabin/skyline_port/blind', 'owners-cabin', 'Skyline (port)', 'blind', 'SKYLINE_PORT', 0),
('owners-cabin/skyline_starboard/shear', 'owners-cabin', 'Skyline (starboard)', 'shear', 'SKYLINE_STARBOARD', 0),
('owners-cabin/skyline_starboard/blind', 'owners-cabin', 'Skyline (starboard)', 'blind', 'SKYLINE_STARBOARD', 0),
('dutch-cabin/blind', 'dutch-cabin', 'Main', 'blind', 'none', 0),
('french-cabin/blind', 'french-cabin', 'Main', 'blind', 'none', 0),
('italian-cabin/blind', 'italian-cabin', 'Main', 'blind', 'none', 0),
('californian-cabin/blind', 'californian-cabin', 'Main', 'blind', 'none', 0),
('polynesian-cabin/blind', 'polynesian-cabin', 'Main', 'blind', 'none', 0),
('galley/blind', 'galley', 'Main', 'blind', 'none', 0),
('crew-mess/blind', 'crew-mess', 'Main', 'blind', 'none', 0),
('mission-room/blind', 'mission-room', 'Main', 'blind', 'none', 0),
('laundry/blind', 'laundry', 'Main', 'blind', 'none', 0),
('engineers-office/blind', 'engineers-office', 'Main', 'blind', 'none', 0),
('captains-cabin/blind', 'captains-cabin', 'Main', 'blind', 'none', 0),
('crew-sb-aft-cabin/blind', 'crew-sb-aft-cabin', 'Main', 'blind', 'none', 0),
('crew-sb-mid-cabin/blind', 'crew-sb-mid-cabin', 'Main', 'blind', 'none', 0),
('crew-sb-fwd-cabin/blind', 'crew-sb-fwd-cabin', 'Main', 'blind', 'none', 0),
('crew-ps-mid-cabin/blind', 'crew-ps-mid-cabin', 'Main', 'blind', 'none', 0),
('crew-ps-fwd-cabin/blind', 'crew-ps-fwd-cabin', 'Main', 'blind', 'none', 0),
('owners-deckhouse/blind', 'owners-deckhouse', 'Blinds', 'blind', 'none', 0),
('owners-deckhouse/shear', 'owners-deckhouse', 'Shears', 'shear', 'none', 0),
('main-deckhouse/blind', 'main-deckhouse', 'Blinds', 'blind', 'none', 0),
('main-deckhouse/shear', 'main-deckhouse', 'Shears', 'shear', 'none', 0),
('owners-stairway/blind', 'owners-stairway', 'Main', 'blind', 'none', 0),
('guest-corridor/blind', 'owners-stairway', 'Main', 'blind', 'none', 0);

INSERT INTO lighting_groups (id, room_id, name, level) VALUES 
('owners-cabin/ambient', 'owners-cabin', 'Ambient', 0), 
('owners-cabin/mood', 'owners-cabin', 'Mood', 0),
('dutch-cabin/ambient', 'dutch-cabin', 'Ambient', 0), 
('dutch-cabin/mood', 'dutch-cabin', 'Mood', 0),
('french-cabin/ambient', 'french-cabin', 'Ambient', 0), 
('french-cabin/mood', 'french-cabin', 'Mood', 0),
('italian-cabin/ambient', 'italian-cabin', 'Ambient', 0), 
('italian-cabin/mood', 'italian-cabin', 'Mood', 0),
('californian-cabin/ambient', 'californian-cabin', 'Ambient', 0), 
('californian-cabin/mood', 'californian-cabin', 'Mood', 0),
('polynesian-cabin/ambient', 'polynesian-cabin', 'Ambient', 0), 
('polynesian-cabin/mood', 'polynesian-cabin', 'Mood', 0),
('galley/ambient', 'galley', 'Ambient', 0), 
('galley/mood', 'galley', 'Mood', 0),
('crew-mess/ambient', 'crew-mess', 'Ambient', 0), 
('crew-mess/mood', 'crew-mess', 'Mood', 0),
('mission-room/ambient', 'mission-room', 'Ambient', 0), 
('mission-room/mood', 'mission-room', 'Mood', 0),
('laundry/ambient', 'laundry', 'Ambient', 0), 
('laundry/mood', 'laundry', 'Mood', 0),
('engineers-office/ambient', 'engineers-office', 'Ambient', 0), 
('engineers-office/mood', 'engineers-office', 'Mood', 0),
('captains-cabin/ambient', 'captains-cabin', 'Ambient', 0), 
('captains-cabin/mood', 'captains-cabin', 'Mood', 0),
('crew-sb-aft-cabin/ambient', 'crew-sb-aft-cabin', 'Ambient', 0), 
('crew-sb-aft-cabin/mood', 'crew-sb-aft-cabin', 'Mood', 0),
('crew-sb-mid-cabin/ambient', 'crew-sb-mid-cabin', 'Ambient', 0), 
('crew-sb-mid-cabin/mood', 'crew-sb-mid-cabin', 'Mood', 0),
('crew-sb-fwd-cabin/ambient', 'crew-sb-fwd-cabin', 'Ambient', 0), 
('crew-sb-fwd-cabin/mood', 'crew-sb-fwd-cabin', 'Mood', 0),
('crew-ps-mid-cabin/ambient', 'crew-ps-mid-cabin', 'Ambient', 0), 
('crew-ps-mid-cabin/mood', 'crew-ps-mid-cabin', 'Mood', 0),
('crew-ps-fwd-cabin/ambient', 'crew-ps-fwd-cabin', 'Ambient', 0), 
('crew-ps-fwd-cabin/mood', 'crew-ps-fwd-cabin', 'Mood', 0),
('owners-deckhouse/ambient', 'owners-deckhouse', 'Ambient', 0), 
('owners-deckhouse/mood', 'owners-deckhouse', 'Mood', 0),
('main-deckhouse/ambient', 'main-deckhouse', 'Ambient', 0), 
('main-deckhouse/mood', 'main-deckhouse', 'Mood', 0),
('owners-stairway/main', 'owners-stairway', 'Main', 0),
('guest-corridor/main', 'guest-corridor', 'Main', 0),
('polynesian-corridor/main', 'polynesian-corridor', 'Main', 0);
